﻿RowNumber,TestCaseName,FACETS_SQL_INPUT,FACETS_SQL_EXPECTED,WPR_SQL_INPUT,FACETS_IN_QUERY,WPR_SQL_EXPECTED,PD_EXPECTED,URI,NEAME,CONSID,BUSINESSUNIT,CONSTYPE,CLIENTVERSION,TIME,CONSHOST,BTTYPE,TRANID,ClientID,ClientSecret
,TC_02_IAmThePrimaryContact_group_length,"SELECT DISTINCT GRGR.GRGR_ID GRID
FROM FC_CMC_GRGR_GROUP GRGR
JOIN FC_CMC_SGSG_SUB_GROUP SGSG
ON SGSG.GRGR_CK= GRGR.GRGR_CK
AND sgsg.sgsg_sts LIKE 'AC'
JOIN FC_CMC_BLEI_ENTY_INFO ENTY
ON ENTY.BLEI_BILL_LEVEL_CK=SGSG.SGSG_CK
JOIN FC_CMC_BLBL_BILL_SUMM BLBL
ON BLBL.BLEI_CK = ENTY.BLEI_CK
JOIN FC_CMC_BLIV_INVOICE BLIV
ON BLIV.BLIV_ID            = BLBL.BLBL_BLIV_ID_LAST
WHERE ENTY.BLEI_BILL_LEVEL ='S'
AND UPPER(SGSG.SGSG_NAME) NOT LIKE '%CAL%'
AND SGSG.SGSG_CK NOT IN
  (SELECT EXPM_DATA
  FROM facets.ER_TB_SYST_EXPM_XPERMISSIONS
  WHERE EXPM_DATA_ID = 'SGSG_CK'
  )
AND grgr.grgr_term_dt > sysdate
AND GRGR.GRGR_STS LIKE 'AC'
AND rownum < '2'",,,,,,secured/api/bsc/gateway/employers/groups/registration/v1,EMPLOYER,EMPLOYER,CHANNELS,INTERNAL,,,LOCALHOST,,EGR_002,04bf0c68-f4a6-4b63-9d38-b7dab4a7df2e,lL4hG7wU1iQ5kI6eN7eV8sQ6gW8mG6xH6sB1pV6oN7kW6hS0pV
,EGR_003,"SELECT GRGR.GRGR_ID GRID,
GRGR.GRGR_ID 
  ||SGSG.SGSG_ID groupSubgroupIdentifier, 
  GRGR.GRGR_NAME GNM
FROM FC_CMC_CSCS_CLASS CSCS
JOIN FC_CMC_GRGR_GROUP GRGR
ON GRGR.GRGR_CK = CSCS.GRGR_CK
AND UPPER(CSCS_DESC) LIKE 'CAL%'
AND GRGR.GRGR_Term_DT > SYSDATE
JOIN FC_CMC_SGSG_SUB_GROUP SGSG
ON SGSG.GRGR_CK       = GRGR.GRGR_CK
AND SGSG.SGSG_TERM_DT > SYSDATE
and grgr.grgr_ck in (select grgr_ck from FC_CMC_SGSG_SUB_GROUP SGSG group by grgr_ck having count(grgr_ck) = '1')
AND UPPER(SGSG.SGSG_NAME) like '%CAL%'
where GRGR.GRGR_ID
  || SGSG.SGSG_ID
 NOT IN
  (SELECT GRGR.GRGR_ID
    || SGSG.SGSG_ID
  FROM FACETS.CER_ATXR_ATTACH_U ATXR
  JOIN FACETS.CER_ATCT_CONTACT_D ATCT
  ON ATCT.ATXR_DEST_ID = ATXR.ATXR_DEST_ID
  JOIN FACETS.CMC_SGSG_SUB_GROUP SGSG
  ON SGSG.ATXR_SOURCE_ID = ATXR.ATXR_SOURCE_ID
  JOIN FACETS.CMC_GRGR_GROUP GRGR
  ON SGSG.GRGR_CK           = GRGR.GRGR_CK
  WHERE ATXR.ATSY_ID        ='ATCT'
  AND Upper(ATXR.ATXR_DESC) ='CWS'
  AND Upper(ATCT.ATCT_TITLE)='CWS'
  AND ATCT.ATCT_LAST_NAME NOT LIKE '%CXL%'
  )
and grgr.grgr_id like 'W%'
and rownum < '2'",,,,,,secured/api/bsc/gateway/employers/groups/registration/v1,EMPLOYER,EMPLOYER,CHANNELS,INTERNAL,V1,2017-11-08 13:12:41:802,LOCALHOST,AUTHENTICATION,EGR_003,04bf0c68-f4a6-4b63-9d38-b7dab4a7df2e,lL4hG7wU1iQ5kI6eN7eV8sQ6gW8mG6xH6sB1pV6oN7kW6hS0pV
,EGR_004,"SELECT DISTINCT GRGR.GRGR_ID GRID
FROM FC_CMC_GRGR_GROUP GRGR
JOIN FC_CMC_SGSG_SUB_GROUP SGSG
ON SGSG.GRGR_CK= GRGR.GRGR_CK
JOIN FC_CMC_BLEI_ENTY_INFO ENTY
ON ENTY.BLEI_BILL_LEVEL_CK=SGSG.SGSG_CK
JOIN FC_CMC_BLBL_BILL_SUMM BLBL
ON BLBL.BLEI_CK = ENTY.BLEI_CK
JOIN FC_CMC_BLIV_INVOICE BLIV
ON BLIV.BLIV_ID            = BLBL.BLBL_BLIV_ID_LAST
WHERE ENTY.BLEI_BILL_LEVEL ='S'
AND UPPER(SGSG.SGSG_NAME) NOT LIKE '%CAL%'
AND GRGR.GRGR_ID IN
  (SELECT GRGR.GRGR_ID
  FROM FACETS.CER_ATXR_ATTACH_U ATXR
  JOIN FACETS.CER_ATCT_CONTACT_D ATCT
  ON ATCT.ATXR_DEST_ID = ATXR.ATXR_DEST_ID
  JOIN FACETS.CMC_SGSG_SUB_GROUP SGSG
  ON SGSG.ATXR_SOURCE_ID = ATXR.ATXR_SOURCE_ID
  JOIN FACETS.CMC_GRGR_GROUP GRGR
  ON SGSG.GRGR_CK           = GRGR.GRGR_CK
  WHERE ATXR.ATSY_ID        ='ATCT'
  AND Upper(ATXR.ATXR_DESC) ='CWS'
  AND Upper(ATCT.ATCT_TITLE)='CWS'
  AND ATCT.ATCT_LAST_NAME NOT LIKE '%CXL%'
  )
AND grgr.grgr_term_dt > sysdate
AND GRGR.GRGR_STS LIKE 'AC'
AND grgr.grgr_id LIKE 'W%'
AND rownum < '2'",,,,,,secured/api/bsc/gateway/employers/groups/registration/v1,EMPLOYER,EMPLOYER,CHANNELS,INTERNAL,V1,2017-11-08 13:12:41:802,LOCALHOST,AUTHENTICATION,EGR_004,04bf0c68-f4a6-4b63-9d38-b7dab4a7df2e,lL4hG7wU1iQ5kI6eN7eV8sQ6gW8mG6xH6sB1pV6oN7kW6hS0pV
,EGR_005,,,"SELECT DISTINCT SUBSTR(Egau.Grp_Blg_Unit_Num,1,8) GRID,
  Egau.Grp_Blg_Unit_Num SGID
FROM Employer_Admin_User Eau,
  Employer_Group_Admin_User Egau
WHERE Eau.Svc_Extr_Usr_Id IS NOT NULL
AND Eau.Usr_Id             =Egau.Delgt_Usr_Id
AND egau.usr_role_typ_cd LIKE 'PRI_CONTC'
AND Egau.DELGT_USR_ID IN
  (SELECT Egau.DELGTR_USR_ID
  FROM Employer_Group_Admin_User Egau
  WHERE Egau.Acss_End_Dt > sysdate
  )
AND Egau.Grp_Blg_Unit_Num LIKE 'W%'
AND Egau.Acss_End_Dt                      IS NULL
AND SUBSTR(egau.grp_blg_unit_num,1,8) NOT IN ('W0002255', 'W0001533', 'W0001585', 'W0001049', 'W0001056', 'W0001014', 'W0001032', 'W0001091', 'W0001094', 'W0001098', 'W0001125', 'W0001126', 'W0002181', 'W0002253', 'W0003070', 'W0003121', 'W0003126', 'W0003200', 'W0003220', 'W0003238', 'W0003265', 'W0003275', 'W0003357', 'W0003392', 'W0003394', 'W0003421', 'W0003448', 'W0003466', 'W0003486', 'W0003513', 'W0003532', 'W0003555', 'W0003608', 'W0003626', 'W0003765', 'W0003843', 'W0003866', 'W0003903', 'W0003950', 'W0003984', 'W0004002', 'W0004034', 'W0004045', 'W0004080', 'W0004196', 'W0004214', 'W0004264', 'W0004288', 'W0004289', 'W0004347', 'W0004353', 'W0004354', 'W0004387', 'W0004421', 'W0004472', 'W0004486', 'W0004512', 'W0004513', 'W0004522', 'W0004536', 'W0004620', 'W0004634', 'W0004712', 'W0004739', 'W0004779', 'W0004940', 'W0004984', 'W0005004', 'W0005068', 'W0005083', 'W0005091', 'W0005133', 'W0005139', 'W0005210', 'W0005280', 'W0005311', 'W0005385', 'W0005399', 'W0005440', 'W0005531', 'W0005650',
  'W0005707', 'W0005739', 'W0054633','W0005771', 'W0005809', 'W0005828', 'W0005875', 'W0006037', 'W0006042', 'W0006059', 'W0006065', 'W0001667', 'W0001678', 'W0001755', 'W0001886', 'W0002023', 'W0002343', 'W0002356', 'W0002431', 'W0002437', 'W0002436', 'W0002443', 'W0002451', 'W0002464', 'W0002493', 'W0002509', 'W0002554', 'W0002570', 'W0002587', 'W0002594', 'W0002603', 'W0002645', 'W0001263', 'W0007779', 'W0007781', 'W0007812', 'W0007829', 'W0007852', 'W0007893', 'W0007961', 'W0007997', 'W0007994', 'W0008029', 'W0008098', 'W0008145', 'W0008164', 'W0008167', 'W0008193', 'W0008203', 'W0008277', 'W0008295', 'W0008316', 'W0008324', 'W0008384', 'W0008431', 'W0008441', 'W0008480', 'W0008479', 'W0008537', 'W0008531', 'W0008609', 'W0008615', 'W0008634', 'W0008655', 'W0008662', 'W0008706', 'W0008759', 'W0008783', 'W0008839', 'W0008848', 'W0008873', 'W0008894', 'W0008899', 'W0008905', 'W0008930', 'W0008966', 'W0008993', 'W0008997', 'W0009023', 'W0009101', 'W0009123', 'W0009131', 'W0009179',
  'W0009193', 'W0009196', 'W0009322', 'W0009400', 'W0009413', 'W0009414', 'W0009450', 'W0009509', 'W0009547', 'W0009560', 'W0009564', 'W0009567', 'W0009582', 'W0009593', 'W0009621', 'W0009643', 'W0009681', 'W0009729', 'W0009738', 'W0009737', 'W0009774', 'W0009814', 'W0009880', 'W0009974', 'W0009986', 'W0010029', 'W0010052', 'W0010063', 'W0010103', 'W0010250', 'W0010304', 'W0010322', 'W0010363', 'W0010401', 'W0010427', 'W0010493', 'W0010492', 'W0010547', 'W0010576', 'W0010617', 'W0010626', 'W0010734', 'W0010772', 'W0010843', 'W0010849', 'W0010869', 'W0010901', 'W0010924', 'W0010931', 'W0011019', 'W0011068', 'W0011111', 'W0011136', 'W0011203', 'W0011206', 'W0011274', 'W0011282', 'W0011291', 'W0011316', 'W0011319', 'W0011322', 'W0011333', 'W0011351', 'W0011387', 'W0011415', 'W0011470', 'W0011500', 'W0011519', 'W0011552', 'W0011568', 'W0011574', 'W0011571', 'W0011578', 'W0011635', 'W0011643', 'W0011648', 'W0011662', 'W0011667', 'W0011675', 'W0011777', 'W0006118', 'W0006128', 'W0006148',
  'W0006170', 'W0006185', 'W0006272', 'W0006280', 'W0006313', 'W0006321', 'W0006335', 'W0006437', 'W0006429', 'W0006487', 'W0006503', 'W0006506', 'W0006571', 'W0006574', 'W0006588', 'W0006641', 'W0006676', 'W0006701', 'W0006719', 'W0006738', 'W0006785', 'W0006793', 'W0006822', 'W0006840', 'W0006850', 'W0006867', 'W0006999', 'W0007059', 'W0007064', 'W0007188', 'W0007197', 'W0007245', 'W0007251', 'W0007250', 'W0007264', 'W0007355', 'W0007358', 'W0007385', 'W0007396', 'W0007481', 'W0007514', 'W0007538', 'W0007597', 'W0007604', 'W0007640', 'W0007675', 'W0007682', 'W0007715', 'W0007733', 'W0014385', 'W0014387', 'W0014391', 'W0014398', 'W0014409', 'W0014410', 'W0014418', 'W0014422', 'W0014425', 'W0014438', 'W0014439', 'W0014449', 'W0014474', 'W0014496', 'W0014520', 'W0014528', 'W0014545', 'W0014563', 'W0014575', 'W0014594', 'W0014616', 'W0014618', 'W0014619', 'W0014624', 'W0014666', 'W0014683', 'W0014722', 'W0014740', 'W0014746', 'W0014754', 'W0014759', 'W0014769', 'W0014779', 'W0014803',
  'W0014827', 'W0001012','W0014849', 'W0014856', 'W0014857', 'W0014906', 'W0014910','W0037177', 'W0014933', 'W0014937', 'W0014943','W0002406','W0004137', 'W0001503', 'W0001063', 'W0001116', 'W0001013', 'W0001016', 'W0003764', 'W0004079', 'W0004156', 'W0004268', 'W0004417', 'W0004602', 'W0004836', 'W0005396', 'W0005534', 'W0005556', 'W0006061', 'W0001677', 'W0001819', 'W0001851', 'W0001866', 'W0001875', 'W0001883', 'W0002375', 'W0002544', 'W0002666', 'W0008012', 'W0008172', 'W0008226', 'W0008671', 'W0009153', 'W0009286', 'W0009318', 'W0009562', 'W0009611', 'W0010097', 'W0010135', 'W0010871', 'W0010909', 'W0011159', 'W0011251', 'W0011398', 'W0011608', 'W0011620', 'W0011716', 'W0006091', 'W0006267', 'W0006547', 'W0006561', 'W0006789', 'W0007196', 'W0014792', 'W0015153', 'W0015255', 'W0054438', 'W0054441', 'W0054479', 'W0054476', 'W0012002', 'W0013500', 'W0014093', 'W0017211', 'W0017240', 'W0017333', 'W0017472', 'W0017493', 'W0017550', 'W0017646', 'W0017953', 'W0017960', 'W0017989',
  'W0018072', 'W0018447', 'W0018470', 'W0018490', 'W0018492', 'W0018500', 'W0018546', 'W0054654', 'W0054871', 'W0054813', 'W0054910', 'W0020044', 'W0020048', 'W0020414', 'W0020702', 'W0020824', 'W0020918', 'W0020983', 'W0021052', 'W0018592', 'W0018733', 'W0019072', 'W0019159', 'W0019194', 'W0019351', 'W0019585', 'W0019798', 'W0022094', 'W0055118', 'W0055146', 'W0055195', 'W0055232', 'W0055387', 'W0055444', 'W0055491', 'W0053175', 'W0055662', 'W0055684', 'W0055730', 'W0055785', 'W0021627', 'W0021663', 'W0021772', 'W0021801', 'W0022028', 'W0026250', 'W0026288', 'W0026565', 'W0026769', 'W0026818', 'W0026850', 'W0027406', 'W0027728', 'W0028147', 'W0028442', 'W0028446', 'W0028464', 'W0028458', 'W0028600', 'W0029397', 'W0016579', 'W0016880', 'W0022630', 'W0023211', 'W0023306', 'W0023359', 'W0023988', 'W0024071', 'W0024208', 'W0024376', 'W0024408', 'W0024455', 'W0024551', 'W0025005', 'W0025343', 'W0033733', 'W0033932', 'W0033964', 'W0034188', 'W0034478', 'W0034676', 'W0034812', 'W0034915',
  'W0036251', 'W0036413', 'W0036486', 'W0036642', 'W0036646', 'W0036659', 'W0038054', 'W0038230', 'W0038253', 'W0038259', 'W0038887', 'W0031005', 'W0031304', 'W0031348', 'W0031713', 'W0032091', 'W0032141', 'W0032227', 'W0032308', 'W0032454', 'W0033512', 'W0045488', 'W0045550', 'W0045664', 'W0046527', 'W0046788', 'W0048399', 'W0041256', 'W0041380', 'W0041387', 'W0041413', 'W0041705', 'W0041819', 'W0043692', 'W0043998', 'W0043988', 'W0044077', 'W0044134', 'W0044300', 'W0044397', 'W0044472', 'W0044477', 'W0044480', 'W0044540', 'W0056054', 'W0056197', 'W0056241', 'W0056321', 'W0001785', 'W0002015', 'W0002016', 'W0002501', 'W0002729', 'W0002741', 'W0002762', 'W0003203', 'W0003221', 'W0003299', 'W0051083', 'W0051444', 'W0055839', 'W0053314', 'W0007817', 'W0008011', 'W0008574', 'W0008673', 'W0008932', 'W0009311', 'W0009426', 'W0009608', 'W0009996', 'W0010773', 'W0010874', 'W0010957', 'W0003876', 'W0003911', 'W0004186', 'W0004477', 'W0004446', 'W0004954', 'W0005179', 'W0005376', 'W0005431',
  'W0005738', 'W0005963', 'W0006600', 'W0007172', 'W0007499', 'W0013340', 'W0013408', 'W0013581', 'W0015673', 'W0015776', 'W0042597','W0016100', 'W0016113', 'W0016640', 'W0016876', 'W0017054', 'W0017068', 'W0022374', 'W0022499', 'W0022621', 'W0022799', 'W0022947', 'W0022974', 'W0023031', 'W0011216', 'W0011402', 'W0011516', 'W0012001', 'W0012985', 'W0013050', 'W0026711', 'W0026959', 'W0026982', 'W0026990', 'W0027008', 'W0027052', 'W0027060', 'W0027109', 'W0027460', 'W0027618', 'W0027813', 'W0027833', 'W0027935', 'W0027976', 'W0028015', 'W0028328', 'W0028511', 'W0028754', 'W0028906', 'W0028927', 'W0023851', 'W0023870', 'W0023902', 'W0024082', 'W0024307', 'W0024326', 'W0024725', 'W0024802', 'W0024879', 'W0025177', 'W0025304', 'W0025564', 'W0025657', 'W0025739', 'W0025844', 'W0025949', 'W0026038', 'W0026314', 'W0030540', 'W0030594', 'W0030616', 'W0030675', 'W0031008', 'W0031215', 'W0031415', 'W0031694', 'W0031717', 'W0031736', 'W0032165', 'W0032554', 'W0032608', 'W0032768', 'W0033027',
  'W0033074', 'W0033416', 'W0033683', 'W0033931', 'W0029121', 'W0029443', 'W0029530', 'W0030026', 'W0030256', 'W0030271', 'W0037027', 'W0037059', 'W0037463', 'W0037517', 'W0037605', 'W0037751', 'W0038308', 'W0038532', 'W0038588', 'W0039210', 'W0039388', 'W0034149', 'W0034178', 'W0034225', 'W0034484', 'W0035119', 'W0035177', 'W0035206', 'W0035244', 'W0035313', 'W0035332', 'W0035438', 'W0036162', 'W0036853', 'W0036883', 'W0040368', 'W0040363', 'W0040572', 'W0040582', 'W0011537', 'W0012400', 'W0049917', 'W0050012', 'W0050045', 'W0050231', 'W0041285', 'W0041535', 'W0040859', 'W0040935', 'W0041001', 'W0041073', 'W0012878', 'W0013354', 'W0014199', 'W0042179', 'W0042224', 'W0051704', 'W0033630', 'W0034039', 'W0034045', 'W0034055', 'W0034133', 'W0022558', 'W0022623', 'W0023027', 'W0023127', 'W0023462', 'W0042617', 'W0056540', 'W0056576', 'W0056594', 'W0056605', 'W0056631', 'W0034565', 'W0035135', 'W0035251', 'W0023767', 'W0023854', 'W0042975', 'W0043051', 'W0043054', 'W0043262', 'W0043346',
  'W0053538', 'W0053537', 'W0056854', 'W0056794', 'W0056891', 'W0056893', 'W0035638', 'W0035873', 'W0035924', 'W0036034', 'W0036045', 'W0036114', 'W0036117', 'W0024471', 'W0024522', 'W0025057', 'W0043484', 'W0043651', 'W0043664', 'W0043796', 'W0036470', 'W0026039', 'W0044135', 'W0044180', 'W0044436', 'W0044528', 'W0044649', 'W0044749', 'W0044846', 'W0002921', 'W0002986', 'W0014945', 'W0014964', 'W0014980', 'W0014992', 'W0015011', 'W0015023', 'W0015024', 'W0015026', 'W0015044', 'W0015049', 'W0015051', 'W0015070', 'W0015073', 'W0015078', 'W0015086')
AND rownum < '2'",,,,secured/api/bsc/gateway/employers/groups/registration/v1,EMPLOYER,EMPLOYER,CHANNELS,INTERNAL,V1,2017-11-08 13:12:41:802,LOCALHOST,AUTHENTICATION,EGR_005,04bf0c68-f4a6-4b63-9d38-b7dab4a7df2e,lL4hG7wU1iQ5kI6eN7eV8sQ6gW8mG6xH6sB1pV6oN7kW6hS0pV
,EGR_006,,,"SELECT DISTINCT grp_cust_num GRID
FROM group_customer_configuration
WHERE config_typ_cd LIKE '1'
AND grp_cust_num LIKE 'W%'
and rownum < '2'",,,,secured/api/bsc/gateway/employers/groups/registration/v1,EMPLOYER,EMPLOYER,CHANNELS,INTERNAL,V1,2017-11-08 13:12:41:802,LOCALHOST,AUTHENTICATION,EGR_006,04bf0c68-f4a6-4b63-9d38-b7dab4a7df2e,lL4hG7wU1iQ5kI6eN7eV8sQ6gW8mG6xH6sB1pV6oN7kW6hS0pV
,EGR_007,,,"SELECT DISTINCT grp_cust_nbr GRID
FROM Employer_Portal_Group_Customer
WHERE lck_typ_cd LIKE 'LCK_ACCESS'
AND Autom_Sup_Admin_Asgn_Ind='Y'
AND grp_cust_nbr LIKE 'W%'
AND GRP_CUST_NBR NOT IN
  (SELECT grp_blg_unit_num
  FROM employer_group_admin_user
  WHERE usr_role_typ_cd LIKE 'PR%'
  )
AND grp_cust_nbr NOT IN ('W0002255', 'W0001533', 'W0001585', 'W0001049', 'W0001056', 'W0001014', 'W0001032', 'W0001091', 'W0001094', 'W0001098', 'W0001125', 'W0001126', 'W0002181', 'W0002253', 'W0003070', 'W0003121', 'W0003126', 'W0003200', 'W0003220', 'W0003238', 'W0003265', 'W0003275', 'W0003357', 'W0003392', 'W0003394', 'W0003421', 'W0003448', 'W0003466', 'W0003486', 'W0003513', 'W0003532', 'W0003555', 'W0003608', 'W0003626', 'W0003765', 'W0003843', 'W0003866', 'W0003903', 'W0003950', 'W0003984', 'W0004002', 'W0004034', 'W0004045', 'W0004080', 'W0004196', 'W0004214', 'W0004264', 'W0004288', 'W0004289', 'W0004347', 'W0004353', 'W0004354', 'W0004387', 'W0004421', 'W0004472', 'W0004486', 'W0004512', 'W0004513', 'W0004522', 'W0004536', 'W0004620', 'W0004634', 'W0004712', 'W0004739', 'W0004779', 'W0004940', 'W0004984', 'W0005004', 'W0005068', 'W0005083', 'W0005091', 'W0005133', 'W0005139', 'W0005210', 'W0005280', 'W0005311', 'W0005385', 'W0005399', 'W0005440', 'W0005531', 'W0005650',
  'W0005707', 'W0005739', 'W0054633','W0005771', 'W0005809', 'W0005828', 'W0005875', 'W0006037', 'W0006042', 'W0006059', 'W0006065', 'W0001667', 'W0001678', 'W0001755', 'W0001886', 'W0002023', 'W0002343', 'W0002356', 'W0002431', 'W0002437', 'W0002436', 'W0002443', 'W0002451', 'W0002464', 'W0002493', 'W0002509', 'W0002554', 'W0002570', 'W0002587', 'W0002594', 'W0002603', 'W0002645', 'W0001263', 'W0007779', 'W0007781', 'W0007812', 'W0007829', 'W0007852', 'W0007893', 'W0007961', 'W0007997', 'W0007994', 'W0008029', 'W0008098', 'W0008145', 'W0008164', 'W0008167', 'W0008193', 'W0008203', 'W0008277', 'W0008295', 'W0008316', 'W0008324', 'W0008384', 'W0008431', 'W0008441', 'W0008480', 'W0008479', 'W0008537', 'W0008531', 'W0008609', 'W0008615', 'W0008634', 'W0008655', 'W0008662', 'W0008706', 'W0008759', 'W0008783', 'W0008839', 'W0008848', 'W0008873', 'W0008894', 'W0008899', 'W0008905', 'W0008930', 'W0008966', 'W0008993', 'W0008997', 'W0009023', 'W0009101', 'W0009123', 'W0009131', 'W0009179',
  'W0009193', 'W0009196', 'W0009322', 'W0009400', 'W0009413', 'W0009414', 'W0009450', 'W0009509', 'W0009547', 'W0009560', 'W0009564', 'W0009567', 'W0009582', 'W0009593', 'W0009621', 'W0009643', 'W0009681', 'W0009729', 'W0009738', 'W0009737', 'W0009774', 'W0009814', 'W0009880', 'W0009974', 'W0009986', 'W0010029', 'W0010052', 'W0010063', 'W0010103', 'W0010250', 'W0010304', 'W0010322', 'W0010363', 'W0010401', 'W0010427', 'W0010493', 'W0010492', 'W0010547', 'W0010576', 'W0010617', 'W0010626', 'W0010734', 'W0010772', 'W0010843', 'W0010849', 'W0010869', 'W0010901', 'W0010924', 'W0010931', 'W0011019', 'W0011068', 'W0011111', 'W0011136', 'W0011203', 'W0011206', 'W0011274', 'W0011282', 'W0011291', 'W0011316', 'W0011319', 'W0011322', 'W0011333', 'W0011351', 'W0011387', 'W0011415', 'W0011470', 'W0011500', 'W0011519', 'W0011552', 'W0011568', 'W0011574', 'W0011571', 'W0011578', 'W0011635', 'W0011643', 'W0011648', 'W0011662', 'W0011667', 'W0011675', 'W0011777', 'W0006118', 'W0006128', 'W0006148',
  'W0006170', 'W0006185', 'W0006272', 'W0006280', 'W0006313', 'W0006321', 'W0006335', 'W0006437', 'W0006429', 'W0006487', 'W0006503', 'W0006506', 'W0006571', 'W0006574', 'W0006588', 'W0006641', 'W0006676', 'W0006701', 'W0006719', 'W0006738', 'W0006785', 'W0006793', 'W0006822', 'W0006840', 'W0006850', 'W0006867', 'W0006999', 'W0007059', 'W0007064', 'W0007188', 'W0007197', 'W0007245', 'W0007251', 'W0007250', 'W0007264', 'W0007355', 'W0007358', 'W0007385', 'W0007396', 'W0007481', 'W0007514', 'W0007538', 'W0007597', 'W0007604', 'W0007640', 'W0007675', 'W0007682', 'W0007715', 'W0007733', 'W0014385', 'W0014387', 'W0014391', 'W0014398', 'W0014409', 'W0014410', 'W0014418', 'W0014422', 'W0014425', 'W0014438', 'W0014439', 'W0014449', 'W0014474', 'W0014496', 'W0014520', 'W0014528', 'W0014545', 'W0014563', 'W0014575', 'W0014594', 'W0014616', 'W0014618', 'W0014619', 'W0014624', 'W0014666', 'W0014683', 'W0014722', 'W0014740', 'W0014746', 'W0014754', 'W0014759', 'W0014769', 'W0014779', 'W0014803',
  'W0014827', 'W0001012','W0014849', 'W0014856', 'W0014857', 'W0014906', 'W0014910','W0037177', 'W0014933', 'W0014937', 'W0014943','W0002406','W0004137', 'W0001503', 'W0001063', 'W0001116', 'W0001013', 'W0001016', 'W0003764', 'W0004079', 'W0004156', 'W0004268', 'W0004417', 'W0004602', 'W0004836', 'W0005396', 'W0005534', 'W0005556', 'W0006061', 'W0001677', 'W0001819', 'W0001851', 'W0001866', 'W0001875', 'W0001883', 'W0002375', 'W0002544', 'W0002666', 'W0008012', 'W0008172', 'W0008226', 'W0008671', 'W0009153', 'W0009286', 'W0009318', 'W0009562', 'W0009611', 'W0010097', 'W0010135', 'W0010871', 'W0010909', 'W0011159', 'W0011251', 'W0011398', 'W0011608', 'W0011620', 'W0011716', 'W0006091', 'W0006267', 'W0006547', 'W0006561', 'W0006789', 'W0007196', 'W0014792', 'W0015153', 'W0015255', 'W0054438', 'W0054441', 'W0054479', 'W0054476', 'W0012002', 'W0013500', 'W0014093', 'W0017211', 'W0017240', 'W0017333', 'W0017472', 'W0017493', 'W0017550', 'W0017646', 'W0017953', 'W0017960', 'W0017989',
  'W0018072', 'W0018447', 'W0018470', 'W0018490', 'W0018492', 'W0018500', 'W0018546', 'W0054654', 'W0054871', 'W0054813', 'W0054910', 'W0020044', 'W0020048', 'W0020414', 'W0020702', 'W0020824', 'W0020918', 'W0020983', 'W0021052', 'W0018592', 'W0018733', 'W0019072', 'W0019159', 'W0019194', 'W0019351', 'W0019585', 'W0019798', 'W0022094', 'W0055118', 'W0055146', 'W0055195', 'W0055232', 'W0055387', 'W0055444', 'W0055491', 'W0053175', 'W0055662', 'W0055684', 'W0055730', 'W0055785', 'W0021627', 'W0021663', 'W0021772', 'W0021801', 'W0022028', 'W0026250', 'W0026288', 'W0026565', 'W0026769', 'W0026818', 'W0026850', 'W0027406', 'W0027728', 'W0028147', 'W0028442', 'W0028446', 'W0028464', 'W0028458', 'W0028600', 'W0029397', 'W0016579', 'W0016880', 'W0022630', 'W0023211', 'W0023306', 'W0023359', 'W0023988', 'W0024071', 'W0024208', 'W0024376', 'W0024408', 'W0024455', 'W0024551', 'W0025005', 'W0025343', 'W0033733', 'W0033932', 'W0033964', 'W0034188', 'W0034478', 'W0034676', 'W0034812', 'W0034915',
  'W0036251', 'W0036413', 'W0036486', 'W0036642', 'W0036646', 'W0036659', 'W0038054', 'W0038230', 'W0038253', 'W0038259', 'W0038887', 'W0031005', 'W0031304', 'W0031348', 'W0031713', 'W0032091', 'W0032141', 'W0032227', 'W0032308', 'W0032454', 'W0033512', 'W0045488', 'W0045550', 'W0045664', 'W0046527', 'W0046788', 'W0048399', 'W0041256', 'W0041380', 'W0041387', 'W0041413', 'W0041705', 'W0041819', 'W0043692', 'W0043998', 'W0043988', 'W0044077', 'W0044134', 'W0044300', 'W0044397', 'W0044472', 'W0044477', 'W0044480', 'W0044540', 'W0056054', 'W0056197', 'W0056241', 'W0056321', 'W0001785', 'W0002015', 'W0002016', 'W0002501', 'W0002729', 'W0002741', 'W0002762', 'W0003203', 'W0003221', 'W0003299', 'W0051083', 'W0051444', 'W0055839', 'W0053314', 'W0007817', 'W0008011', 'W0008574', 'W0008673', 'W0008932', 'W0009311', 'W0009426', 'W0009608', 'W0009996', 'W0010773', 'W0010874', 'W0010957', 'W0003876', 'W0003911', 'W0004186', 'W0004477', 'W0004446', 'W0004954', 'W0005179', 'W0005376', 'W0005431',
  'W0005738', 'W0005963', 'W0006600', 'W0007172', 'W0007499', 'W0013340', 'W0013408', 'W0013581', 'W0015673', 'W0015776', 'W0042597','W0016100', 'W0016113', 'W0016640', 'W0016876', 'W0017054', 'W0017068', 'W0022374', 'W0022499', 'W0022621', 'W0022799', 'W0022947', 'W0022974', 'W0023031', 'W0011216', 'W0011402', 'W0011516', 'W0012001', 'W0012985', 'W0013050', 'W0026711', 'W0026959', 'W0026982', 'W0026990', 'W0027008', 'W0027052', 'W0027060', 'W0027109', 'W0027460', 'W0027618', 'W0027813', 'W0027833', 'W0027935', 'W0027976', 'W0028015', 'W0028328', 'W0028511', 'W0028754', 'W0028906', 'W0028927', 'W0023851', 'W0023870', 'W0023902', 'W0024082', 'W0024307', 'W0024326', 'W0024725', 'W0024802', 'W0024879', 'W0025177', 'W0025304', 'W0025564', 'W0025657', 'W0025739', 'W0025844', 'W0025949', 'W0026038', 'W0026314', 'W0030540', 'W0030594', 'W0030616', 'W0030675', 'W0031008', 'W0031215', 'W0031415', 'W0031694', 'W0031717', 'W0031736', 'W0032165', 'W0032554', 'W0032608', 'W0032768', 'W0033027',
  'W0033074', 'W0033416', 'W0033683', 'W0033931', 'W0029121', 'W0029443', 'W0029530', 'W0030026', 'W0030256', 'W0030271', 'W0037027', 'W0037059', 'W0037463', 'W0037517', 'W0037605', 'W0037751', 'W0038308', 'W0038532', 'W0038588', 'W0039210', 'W0039388', 'W0034149', 'W0034178', 'W0034225', 'W0034484', 'W0035119', 'W0035177', 'W0035206', 'W0035244', 'W0035313', 'W0035332', 'W0035438', 'W0036162', 'W0036853', 'W0036883', 'W0040368', 'W0040363', 'W0040572', 'W0040582', 'W0011537', 'W0012400', 'W0049917', 'W0050012', 'W0050045', 'W0050231', 'W0041285', 'W0041535', 'W0040859', 'W0040935', 'W0041001', 'W0041073', 'W0012878', 'W0013354', 'W0014199', 'W0042179', 'W0042224', 'W0051704', 'W0033630', 'W0034039', 'W0034045', 'W0034055', 'W0034133', 'W0022558', 'W0022623', 'W0023027', 'W0023127', 'W0023462', 'W0042617', 'W0056540', 'W0056576', 'W0056594', 'W0056605', 'W0056631', 'W0034565', 'W0035135', 'W0035251', 'W0023767', 'W0023854', 'W0042975', 'W0043051', 'W0043054', 'W0043262', 'W0043346',
  'W0053538', 'W0053537', 'W0056854', 'W0056794', 'W0056891', 'W0056893', 'W0035638', 'W0035873', 'W0035924', 'W0036034', 'W0036045', 'W0036114', 'W0036117', 'W0024471', 'W0024522', 'W0025057', 'W0043484', 'W0043651', 'W0043664', 'W0043796', 'W0036470', 'W0026039', 'W0044135', 'W0044180', 'W0044436', 'W0044528', 'W0044649', 'W0044749', 'W0044846', 'W0002921', 'W0002986', 'W0014945', 'W0014964', 'W0014980', 'W0014992', 'W0015011', 'W0015023', 'W0015024', 'W0015026', 'W0015044', 'W0015049', 'W0015051', 'W0015070', 'W0015073', 'W0015078', 'W0015086')
AND rownum < '2'",,,,secured/api/bsc/gateway/employers/groups/registration/v1,EMPLOYER,EMPLOYER,CHANNELS,INTERNAL,V1,2017-11-08 13:12:41:802,LOCALHOST,AUTHENTICATION,EGR_007,04bf0c68-f4a6-4b63-9d38-b7dab4a7df2e,lL4hG7wU1iQ5kI6eN7eV8sQ6gW8mG6xH6sB1pV6oN7kW6hS0pV
,EGR_008,"SELECT Grgr.Grgr_Name,
  grgr.grgr_id GRID,
  grgr.grgr_id
  ||sgsg.sgsg_id,
  grgr_sts,
  grgr_term_dt,
  Grgr.Grgr_Orig_Eff_Dt,
  sgsg.sgsg_name
FROM Facets.Cmc_Grgr_Group Grgr,
  Fc_Cmc_Sgsg_Sub_Group Sgsg
WHERE grgr.grgr_term_dt < sysdate-90
AND Grgr.Grgr_Ck        =Sgsg.Grgr_Ck
AND Grgr_Sts LIKE 'AC'
AND sgsg.sgsg_sts = 'AC'
AND sgsg_term_dt  > sysdate
AND grgr.grgr_ck IN
  (SELECT sgsg.grgr_ck
  FROM Fc_Cmc_Sgsg_Sub_Group Sgsg
  WHERE sgsg.sgsg_sts = 'TM'
  AND sgsg_term_dt    < sysdate
  )
AND rownum < '2'",,,,,,secured/api/bsc/gateway/employers/groups/registration/v1,EMPLOYER,EMPLOYER,CHANNELS,INTERNAL,V1,2017-11-08 13:12:41:802,LOCALHOST,AUTHENTICATION,EGR_008,04bf0c68-f4a6-4b63-9d38-b7dab4a7df2e,lL4hG7wU1iQ5kI6eN7eV8sQ6gW8mG6xH6sB1pV6oN7kW6hS0pV
,EGR_009,"SELECT Grgr.Grgr_Name,
  grgr.grgr_id GRID,
  grgr.grgr_id
  ||sgsg.sgsg_id,
  grgr_sts,
  grgr_term_dt,
  Grgr.Grgr_Orig_Eff_Dt,
  sgsg.sgsg_name
FROM Facets.Cmc_Grgr_Group Grgr,
  Fc_Cmc_Sgsg_Sub_Group Sgsg
WHERE grgr.grgr_term_dt < sysdate
AND Grgr.Grgr_Ck        =Sgsg.Grgr_Ck
AND Grgr_Sts LIKE 'TM'
AND grgr.grgr_ck NOT IN
  (SELECT sgsg.grgr_ck
  FROM Fc_Cmc_Sgsg_Sub_Group Sgsg
  WHERE sgsg.sgsg_sts = 'AC'
  AND sgsg_term_dt    > sysdate
  )
AND rownum < '2'",,,,,,secured/api/bsc/gateway/employers/groups/registration/v1,EMPLOYER,EMPLOYER,CHANNELS,INTERNAL,V1,2017-11-08 13:12:41:802,LOCALHOST,AUTHENTICATION,EGR_009,04bf0c68-f4a6-4b63-9d38-b7dab4a7df2e,lL4hG7wU1iQ5kI6eN7eV8sQ6gW8mG6xH6sB1pV6oN7kW6hS0pV
,EGR_010,"SELECT GRGR.GRGR_ID GRID,
  GRGR.GRGR_ID
  ||SGSG.SGSG_ID groupSubgroupIdentifier,
  GRGR.GRGR_NAME GNM
FROM FC_CMC_CSCS_CLASS CSCS
JOIN FC_CMC_GRGR_GROUP GRGR
ON GRGR.GRGR_CK = CSCS.GRGR_CK
AND UPPER(CSCS_DESC) LIKE 'CAL%'
AND GRGR.GRGR_Term_DT > SYSDATE
JOIN FC_CMC_SGSG_SUB_GROUP SGSG
ON SGSG.GRGR_CK       = GRGR.GRGR_CK
AND SGSG.SGSG_TERM_DT > SYSDATE
AND grgr.grgr_ck     IN
  (SELECT grgr_ck
  FROM FC_CMC_SGSG_SUB_GROUP SGSG
  WHERE UPPER(SGSG.SGSG_NAME) NOT LIKE '%CAL%'
  GROUP BY grgr_ck
  HAVING COUNT(grgr_ck) > '1'
  )
AND UPPER(SGSG.SGSG_NAME) LIKE '%CAL%'
AND sgsg.grgr_ck NOT IN
  (SELECT grgr_ck
  FROM FC_CMC_SGSG_SUB_GROUP SGSG
  WHERE SGSG_STS LIKE 'TM'
  )
WHERE GRGR.GRGR_ID not IN
  (SELECT GRGR.GRGR_ID
  FROM FACETS.CER_ATXR_ATTACH_U ATXR
  JOIN FACETS.CER_ATCT_CONTACT_D ATCT
  ON ATCT.ATXR_DEST_ID = ATXR.ATXR_DEST_ID
  JOIN FACETS.CMC_SGSG_SUB_GROUP SGSG
  ON SGSG.ATXR_SOURCE_ID = ATXR.ATXR_SOURCE_ID
  JOIN FACETS.CMC_GRGR_GROUP GRGR
  ON SGSG.GRGR_CK           = GRGR.GRGR_CK
  WHERE ATXR.ATSY_ID        ='ATCT'
  AND Upper(ATXR.ATXR_DESC) ='CWS'
  AND Upper(ATCT.ATCT_TITLE)='CWS'
  AND ATCT.ATCT_LAST_NAME NOT LIKE '%CXL%'
  )
AND grgr.grgr_id LIKE 'W%'
AND rownum < '2'",,,,,,secured/api/bsc/gateway/employers/groups/registration/v1,EMPLOYER,EMPLOYER,CHANNELS,INTERNAL,V1,2017-11-08 13:12:41:802,LOCALHOST,AUTHENTICATION,EGR_010,04bf0c68-f4a6-4b63-9d38-b7dab4a7df2e,lL4hG7wU1iQ5kI6eN7eV8sQ6gW8mG6xH6sB1pV6oN7kW6hS0pV
,EGR_011,,,,,,,secured/api/bsc/gateway/employers/groups/registration/v1,EMPLOYER,EMPLOYER,,INTERNAL,V1,2017-11-08 13:12:41:802,LOCALHOST,AUTHENTICATION,EGR_011,04bf0c68-f4a6-4b63-9d38-b7dab4a7df2e,lL4hG7wU1iQ5kI6eN7eV8sQ6gW8mG6xH6sB1pV6oN7kW6hS0pV
,EGR_012,,,,,,,secured/api/bsc/gateway/employers/groups/registration/v1,EMPLOYER,EMPLOYER,CHANNELS,INTERNAL,V1,2017-11-08 13:12:41:802,,AUTHENTICATION,EGR_012,04bf0c68-f4a6-4b63-9d38-b7dab4a7df2e,lL4hG7wU1iQ5kI6eN7eV8sQ6gW8mG6xH6sB1pV6oN7kW6hS0pV
,EGR_013,,,,,,,secured/api/bsc/gateway/employers/groups/registration/v1,EMPLOYER,,CHANNELS,INTERNAL,V1,2017-11-08 13:12:41:802,LOCALHOST,AUTHENTICATION,EGR_013,04bf0c68-f4a6-4b63-9d38-b7dab4a7df2e,lL4hG7wU1iQ5kI6eN7eV8sQ6gW8mG6xH6sB1pV6oN7kW6hS0pV
,EGR_014,,,,,,,secured/api/bsc/gateway/employers/groups/registration/v1,EMPLOYER,EMPLOYER,CHANNELS,,V1,2017-11-08 13:12:41:802,LOCALHOST,AUTHENTICATION,EGR_014,04bf0c68-f4a6-4b63-9d38-b7dab4a7df2e,lL4hG7wU1iQ5kI6eN7eV8sQ6gW8mG6xH6sB1pV6oN7kW6hS0pV
,EGR_015,,,,,,,secured/api/bsc/gateway/employers/groups/registration/v1,,EMPLOYER,CHANNELS,INTERNAL,V1,2017-11-08 13:12:41:802,LOCALHOST,AUTHENTICATION,EGR_015,04bf0c68-f4a6-4b63-9d38-b7dab4a7df2e,lL4hG7wU1iQ5kI6eN7eV8sQ6gW8mG6xH6sB1pV6oN7kW6hS0pV
,EGR_016,,,,,,,secured/api/bsc/gateway/employers/groups/registration/v1,EMPLOYER,EMPLOYER,CHANNELS,INTERNAL,V1,2017-11-08 13:12:41:802,LOCALHOST,AUTHENTICATION,,04bf0c68-f4a6-4b63-9d38-b7dab4a7df2e,lL4hG7wU1iQ5kI6eN7eV8sQ6gW8mG6xH6sB1pV6oN7kW6hS0pV
,EGR_017,"SELECT GRGR.GRGR_ID GRID,
  GRGR.GRGR_ID
  ||SGSG.SGSG_ID groupSubgroupIdentifier,
  SGSG.SGSG_NAME subgroupName,
  SGSG.SGSG_ID subgroupNumber,
  TO_CHAR(SGSG_ORIG_EFF_DT, 'YYYY-MM-DD HH24:MI:SS')effectiveDate,
  TO_CHAR(SGSG_TERM_DT, 'YYYY-MM-DD HH24:MI:SS')SGTERM,
  TO_CHAR(SGSG_RNST_DT, 'YYYY-MM-DD HH24:MI:SS') subgroupReinstateDate,
  TO_CHAR(GRGR_TERM_DT, 'YYYY-MM-DD HH24:MI:SS') cancellationDate,
  TO_CHAR(GRGR_RNST_DT, 'YYYY-MM-DD HH24:MI:SS') groupReinstateDate,
  GRGR.GRGR_STS groupStatus,
  SGSG.SGSG_STS status,
  GRGR.GRGR_NAME groupName
FROM FC_CMC_CSCS_CLASS CSCS
JOIN FC_CMC_GRGR_GROUP GRGR
ON GRGR.GRGR_CK = CSCS.GRGR_CK
AND UPPER(CSCS_DESC) LIKE 'CAL%'
AND GRGR.GRGR_Term_DT > SYSDATE
JOIN FC_CMC_SGSG_SUB_GROUP SGSG
ON SGSG.GRGR_CK       = GRGR.GRGR_CK
AND SGSG.SGSG_TERM_DT > SYSDATE
AND grgr.grgr_ck     IN
  (SELECT grgr_ck
  FROM FC_CMC_SGSG_SUB_GROUP SGSG
  GROUP BY grgr_ck
  HAVING COUNT(grgr_ck) > '1'
  )
AND UPPER(SGSG.SGSG_NAME) NOT LIKE '%CAL%'
WHERE GRGR.GRGR_ID
  || SGSG.SGSG_ID NOT IN
  (SELECT GRGR.GRGR_ID
    || SGSG.SGSG_ID
  FROM FACETS.CER_ATXR_ATTACH_U ATXR
  JOIN FACETS.CER_ATCT_CONTACT_D ATCT
  ON ATCT.ATXR_DEST_ID = ATXR.ATXR_DEST_ID
  JOIN FACETS.CMC_SGSG_SUB_GROUP SGSG
  ON SGSG.ATXR_SOURCE_ID = ATXR.ATXR_SOURCE_ID
  JOIN FACETS.CMC_GRGR_GROUP GRGR
  ON SGSG.GRGR_CK           = GRGR.GRGR_CK
  WHERE ATXR.ATSY_ID        ='ATCT'
  AND Upper(ATXR.ATXR_DESC) ='CWS'
  AND Upper(ATCT.ATCT_TITLE)='CWS'
  AND ATCT.ATCT_LAST_NAME NOT LIKE '%CXL%'
  )
AND grgr.grgr_id LIKE 'W%'
AND rownum < '2'",,,,,,secured/api/bsc/gateway/employers/groups/registration/v1,EMPLOYER,EMPLOYER,CHANNELS,INTERNAL,V1,2017-11-08 13:12:41:802,LOCALHOST,AUTHENTICATION,EGR_016,04bf0c68-f4a6-4b63-9d38-b7dab4a7df2e,lL4hG7wU1iQ5kI6eN7eV8sQ6gW8mG6xH6sB1pV6oN7kW6hS0pV
,EGR_018,"SELECT GRGR.GRGR_ID GRID,
  GRGR.GRGR_ID
  ||SGSG.SGSG_ID groupSubgroupIdentifier,
  GRGR.GRGR_NAME GNM
FROM FC_CMC_CSCS_CLASS CSCS
JOIN FC_CMC_GRGR_GROUP GRGR
ON GRGR.GRGR_CK = CSCS.GRGR_CK
AND UPPER(CSCS_DESC) LIKE 'CAL%'
AND GRGR.GRGR_Term_DT > SYSDATE
JOIN FC_CMC_SGSG_SUB_GROUP SGSG
ON SGSG.GRGR_CK       = GRGR.GRGR_CK
AND SGSG.SGSG_TERM_DT > SYSDATE
AND grgr.grgr_ck     IN
  (SELECT grgr_ck
  FROM FC_CMC_SGSG_SUB_GROUP SGSG
  GROUP BY grgr_ck
  HAVING COUNT(grgr_ck) > '1'
  )
AND UPPER(SGSG.SGSG_NAME) NOT LIKE '%CAL%'
WHERE GRGR.GRGR_ID
  || SGSG.SGSG_ID NOT IN
  (SELECT GRGR.GRGR_ID
    || SGSG.SGSG_ID
  FROM FACETS.CER_ATXR_ATTACH_U ATXR
  JOIN FACETS.CER_ATCT_CONTACT_D ATCT
  ON ATCT.ATXR_DEST_ID = ATXR.ATXR_DEST_ID
  JOIN FACETS.CMC_SGSG_SUB_GROUP SGSG
  ON SGSG.ATXR_SOURCE_ID = ATXR.ATXR_SOURCE_ID
  JOIN FACETS.CMC_GRGR_GROUP GRGR
  ON SGSG.GRGR_CK           = GRGR.GRGR_CK
  WHERE ATXR.ATSY_ID        ='ATCT'
  AND Upper(ATXR.ATXR_DESC) ='CWS'
  AND Upper(ATCT.ATCT_TITLE)='CWS'
  AND ATCT.ATCT_LAST_NAME NOT LIKE '%CXL%'
  )
AND grgr.grgr_id LIKE 'W%'
AND rownum < '2'",,,,,"SELECT count(GRGR.GRGR_CK) CNT
FROM FC_CMC_GRGR_GROUP GRGR
JOIN FC_CMC_SGSG_SUB_GROUP SGSG
ON SGSG.GRGR_CK = GRGR.GRGR_CK
WHERE GRGR.GRGR_ID = ?
and SGSG.SGSG_TERM_DT > sysdate
and UPPER(SGSG.SGSG_NAME) NOT LIKE '%CAL%'
and SGSG.SGSG_STS = 'AC'",secured/api/bsc/gateway/employers/groups/registration/v1,EMPLOYER,EMPLOYER,CHANNELS,INTERNAL,V1,2017-11-08 13:12:41:802,LOCALHOST,AUTHENTICATION,EGR_017,04bf0c68-f4a6-4b63-9d38-b7dab4a7df2e,lL4hG7wU1iQ5kI6eN7eV8sQ6gW8mG6xH6sB1pV6oN7kW6hS0pV
,EGR_019,"SELECT DISTINCT GRGR.GRGR_ID GRID,
  mctr.mctr_value groupLob,
  mctr.mctr_desc groupLobDescription
FROM fc_cmc_mctr_cd_trans mctr
JOIN fc_cmc_grgc_group_count grgc
ON grgc.grgc_mctr_ctyp   = mctr.mctr_value
AND grgc.grgc_eff_dt    <= systimestamp
AND grgc.grgc_term_dt   >= systimestamp
AND grgc.grgc_mctr_ctyp >= '1000'
AND grgc.grgc_mctr_ctyp <= '1999'
JOIN fc_cmc_grgr_group grgr
ON grgr.grgr_ck        = grgc.grgr_ck
JOIN FC_CMC_SGSG_SUB_GROUP SGSG
on SGSG.GRGR_CK = GRGR.GRGR_CK
WHERE mctr.mctr_entity = 'GRSG'
AND mctr.mctr_type     = 'CTYP'
AND mctr.mctr_desc     = 'IFP'
AND GRGR.GRGR_ID
  || SGSG.SGSG_ID NOT IN
  (SELECT GRGR.GRGR_ID
    || SGSG.SGSG_ID
  FROM FACETS.CER_ATXR_ATTACH_U ATXR
  JOIN FACETS.CER_ATCT_CONTACT_D ATCT
  ON ATCT.ATXR_DEST_ID = ATXR.ATXR_DEST_ID
  JOIN FACETS.CMC_SGSG_SUB_GROUP SGSG
  ON SGSG.ATXR_SOURCE_ID = ATXR.ATXR_SOURCE_ID
  JOIN FACETS.CMC_GRGR_GROUP GRGR
  ON SGSG.GRGR_CK           = GRGR.GRGR_CK
  WHERE ATXR.ATSY_ID        ='ATCT'
  AND Upper(ATXR.ATXR_DESC) ='CWS'
  AND Upper(ATCT.ATCT_TITLE)='CWS'
  AND ATCT.ATCT_LAST_NAME NOT LIKE '%CXL%'
  )
AND rownum < '2'",,,,,,secured/api/bsc/gateway/employers/groups/registration/v1,EMPLOYER,EMPLOYER,CHANNELS,INTERNAL,V1,2017-11-08 13:12:41:802,LOCALHOST,AUTHENTICATION,EGR_018,04bf0c68-f4a6-4b63-9d38-b7dab4a7df2e,lL4hG7wU1iQ5kI6eN7eV8sQ6gW8mG6xH6sB1pV6oN7kW6hS0pV
,EGR_020,"SELECT DISTINCT GRGR.GRGR_ID GRID,
  mctr.mctr_value groupLob,
  mctr.mctr_desc groupLobDescription
FROM fc_cmc_mctr_cd_trans mctr
JOIN fc_cmc_grgc_group_count grgc
ON grgc.grgc_mctr_ctyp   = mctr.mctr_value
AND grgc.grgc_eff_dt    <= systimestamp
AND grgc.grgc_term_dt   >= systimestamp
AND grgc.grgc_mctr_ctyp >= '1000'
AND grgc.grgc_mctr_ctyp <= '1999'
JOIN fc_cmc_grgr_group grgr
ON grgr.grgr_ck        = grgc.grgr_ck
JOIN FC_CMC_SGSG_SUB_GROUP SGSG
on SGSG.GRGR_CK = GRGR.GRGR_CK
WHERE mctr.mctr_entity = 'GRSG'
AND mctr.mctr_type     = 'CTYP'
AND mctr.mctr_desc     = 'Large'
AND GRGR.GRGR_ID
  || SGSG.SGSG_ID NOT IN
  (SELECT GRGR.GRGR_ID
    || SGSG.SGSG_ID
  FROM FACETS.CER_ATXR_ATTACH_U ATXR
  JOIN FACETS.CER_ATCT_CONTACT_D ATCT
  ON ATCT.ATXR_DEST_ID = ATXR.ATXR_DEST_ID
  JOIN FACETS.CMC_SGSG_SUB_GROUP SGSG
  ON SGSG.ATXR_SOURCE_ID = ATXR.ATXR_SOURCE_ID
  JOIN FACETS.CMC_GRGR_GROUP GRGR
  ON SGSG.GRGR_CK           = GRGR.GRGR_CK
  WHERE ATXR.ATSY_ID        ='ATCT'
  AND Upper(ATXR.ATXR_DESC) ='CWS'
  AND Upper(ATCT.ATCT_TITLE)='CWS'
  AND ATCT.ATCT_LAST_NAME NOT LIKE '%CXL%'
  )
AND rownum < '2'",,,,,,secured/api/bsc/gateway/employers/groups/registration/v1,EMPLOYER,EMPLOYER,CHANNELS,INTERNAL,V1,2017-11-08 13:12:41:802,LOCALHOST,AUTHENTICATION,EGR_019,04bf0c68-f4a6-4b63-9d38-b7dab4a7df2e,lL4hG7wU1iQ5kI6eN7eV8sQ6gW8mG6xH6sB1pV6oN7kW6hS0pV
,EGR_021,"SELECT DISTINCT GRGR.GRGR_ID GRID,
  mctr.mctr_value groupLob,
  mctr.mctr_desc groupLobDescription
FROM fc_cmc_mctr_cd_trans mctr
JOIN fc_cmc_grgc_group_count grgc
ON grgc.grgc_mctr_ctyp   = mctr.mctr_value
AND grgc.grgc_eff_dt    <= systimestamp
AND grgc.grgc_term_dt   >= systimestamp
AND grgc.grgc_mctr_ctyp >= '1000'
AND grgc.grgc_mctr_ctyp <= '1999'
JOIN fc_cmc_grgr_group grgr
ON grgr.grgr_ck        = grgc.grgr_ck
JOIN FC_CMC_SGSG_SUB_GROUP SGSG
on SGSG.GRGR_CK = GRGR.GRGR_CK
WHERE mctr.mctr_entity = 'GRSG'
AND mctr.mctr_type     = 'CTYP'
AND mctr.mctr_desc     = 'Small'
AND GRGR.GRGR_ID
  || SGSG.SGSG_ID NOT IN
  (SELECT GRGR.GRGR_ID
    || SGSG.SGSG_ID
  FROM FACETS.CER_ATXR_ATTACH_U ATXR
  JOIN FACETS.CER_ATCT_CONTACT_D ATCT
  ON ATCT.ATXR_DEST_ID = ATXR.ATXR_DEST_ID
  JOIN FACETS.CMC_SGSG_SUB_GROUP SGSG
  ON SGSG.ATXR_SOURCE_ID = ATXR.ATXR_SOURCE_ID
  JOIN FACETS.CMC_GRGR_GROUP GRGR
  ON SGSG.GRGR_CK           = GRGR.GRGR_CK
  WHERE ATXR.ATSY_ID        ='ATCT'
  AND Upper(ATXR.ATXR_DESC) ='CWS'
  AND Upper(ATCT.ATCT_TITLE)='CWS'
  AND ATCT.ATCT_LAST_NAME NOT LIKE '%CXL%'
  )
AND rownum < '2'",,,,,,secured/api/bsc/gateway/employers/groups/registration/v1,EMPLOYER,EMPLOYER,CHANNELS,INTERNAL,V1,2017-11-08 13:12:41:802,LOCALHOST,AUTHENTICATION,EGR_020,04bf0c68-f4a6-4b63-9d38-b7dab4a7df2e,lL4hG7wU1iQ5kI6eN7eV8sQ6gW8mG6xH6sB1pV6oN7kW6hS0pV
,EGR_022,"SELECT GRGR.GRGR_ID GRID
FROM FC_CMC_CSCS_CLASS CSCS
JOIN FC_CMC_GRGR_GROUP GRGR
ON GRGR.GRGR_CK = CSCS.GRGR_CK
AND UPPER(CSCS_DESC) LIKE 'CAL%'
AND GRGR.GRGR_Term_DT > SYSDATE
JOIN FC_CMC_SGSG_SUB_GROUP SGSG
ON SGSG.GRGR_CK       = GRGR.GRGR_CK
AND SGSG.SGSG_TERM_DT > SYSDATE
and grgr.grgr_id not in (select GRP_ID from CU_BF_GRP_MSTR_TBL BNF_GRP where trim(BF_GRP_UID) is null)
AND UPPER(SGSG.SGSG_NAME) NOT LIKE '%CAL%'
WHERE GRGR.GRGR_ID
  || SGSG.SGSG_ID NOT IN
  (SELECT GRGR.GRGR_ID
    || SGSG.SGSG_ID
  FROM FACETS.CER_ATXR_ATTACH_U ATXR
  JOIN FACETS.CER_ATCT_CONTACT_D ATCT
  ON ATCT.ATXR_DEST_ID = ATXR.ATXR_DEST_ID
  JOIN FACETS.CMC_SGSG_SUB_GROUP SGSG
  ON SGSG.ATXR_SOURCE_ID = ATXR.ATXR_SOURCE_ID
  JOIN FACETS.CMC_GRGR_GROUP GRGR
  ON SGSG.GRGR_CK           = GRGR.GRGR_CK
  WHERE ATXR.ATSY_ID        ='ATCT'
  AND Upper(ATXR.ATXR_DESC) ='CWS'
  AND Upper(ATCT.ATCT_TITLE)='CWS'
  AND ATCT.ATCT_LAST_NAME NOT LIKE '%CXL%'
  )
AND grgr.grgr_id LIKE 'W%'
AND rownum < '2'",,,,,,secured/api/bsc/gateway/employers/groups/registration/v1,EMPLOYER,EMPLOYER,CHANNELS,INTERNAL,V1,2017-11-08 13:12:41:802,LOCALHOST,AUTHENTICATION,EGR_021,04bf0c68-f4a6-4b63-9d38-b7dab4a7df2e,lL4hG7wU1iQ5kI6eN7eV8sQ6gW8mG6xH6sB1pV6oN7kW6hS0pV
,EGR_023,"SELECT GRGR.GRGR_ID GRID
FROM FC_CMC_CSCS_CLASS CSCS
JOIN FC_CMC_GRGR_GROUP GRGR
ON GRGR.GRGR_CK = CSCS.GRGR_CK
AND UPPER(CSCS_DESC) LIKE 'CAL%'
AND GRGR.GRGR_Term_DT > SYSDATE
JOIN FC_CMC_SGSG_SUB_GROUP SGSG
ON SGSG.GRGR_CK       = GRGR.GRGR_CK
AND SGSG.SGSG_TERM_DT > SYSDATE
and grgr.grgr_id in (select GRP_ID from CU_BF_GRP_MSTR_TBL BNF_GRP where trim(BF_GRP_UID) is null)
AND UPPER(SGSG.SGSG_NAME) NOT LIKE '%CAL%'
WHERE GRGR.GRGR_ID
  || SGSG.SGSG_ID NOT IN
  (SELECT GRGR.GRGR_ID
    || SGSG.SGSG_ID
  FROM FACETS.CER_ATXR_ATTACH_U ATXR
  JOIN FACETS.CER_ATCT_CONTACT_D ATCT
  ON ATCT.ATXR_DEST_ID = ATXR.ATXR_DEST_ID
  JOIN FACETS.CMC_SGSG_SUB_GROUP SGSG
  ON SGSG.ATXR_SOURCE_ID = ATXR.ATXR_SOURCE_ID
  JOIN FACETS.CMC_GRGR_GROUP GRGR
  ON SGSG.GRGR_CK           = GRGR.GRGR_CK
  WHERE ATXR.ATSY_ID        ='ATCT'
  AND Upper(ATXR.ATXR_DESC) ='CWS'
  AND Upper(ATCT.ATCT_TITLE)='CWS'
  AND ATCT.ATCT_LAST_NAME NOT LIKE '%CXL%'
  )
AND grgr.grgr_id LIKE 'W%'
AND rownum < '2'",,,,,,secured/api/bsc/gateway/employers/groups/registration/v1,EMPLOYER,EMPLOYER,CHANNELS,INTERNAL,V1,2017-11-08 13:12:41:802,LOCALHOST,AUTHENTICATION,EGR_022,04bf0c68-f4a6-4b63-9d38-b7dab4a7df2e,lL4hG7wU1iQ5kI6eN7eV8sQ6gW8mG6xH6sB1pV6oN7kW6hS0pV
,EGR_024,"SELECT DISTINCT 
  GRGR.GRGR_ID GRID
FROM FC_CMC_GRGR_GROUP GRGR
JOIN FC_CMC_SGSG_SUB_GROUP SGSG
ON SGSG.GRGR_CK         = GRGR.GRGR_CK
WHERE GRGR.GRGR_TERM_DT > sysdate
AND SGSG.SGSG_TERM_DT   > sysdate
AND UPPER(SGSG.SGSG_NAME) NOT LIKE '%CAL%'
AND grgr.grgr_id       IN
  (SELECT val.facets_id
  FROM FACETS_CUSTOM.EXT_CUSTM_DTA_ELEM_VAL val,
    FACETS_CUSTOM.EXT_CUSTM_DTA_ELEM elem
  WHERE elem.CUSTM_DTA_ELEM_KEY = val.CUSTM_DTA_ELEM_KEY
  AND elem.FACETS_APPL_MDUL_CD  = 'GRGR'
  AND elem.DTA_ELEM_PHYS_NM     = 'HIX_GRP_ID'
  AND Elem.Dta_Elem_Dta_Typ_Cd  = 'C'
  AND SYSDATE BETWEEN VAL.REC_EFF_DT AND VAL.REC_TERM_DT
  )
AND GRGR.GRGR_ID
  || SGSG.SGSG_ID NOT IN
  (SELECT GRGR.GRGR_ID
    || SGSG.SGSG_ID
  FROM FACETS.CER_ATXR_ATTACH_U ATXR
  JOIN FACETS.CER_ATCT_CONTACT_D ATCT
  ON ATCT.ATXR_DEST_ID = ATXR.ATXR_DEST_ID
  JOIN FACETS.CMC_SGSG_SUB_GROUP SGSG
  ON SGSG.ATXR_SOURCE_ID = ATXR.ATXR_SOURCE_ID
  JOIN FACETS.CMC_GRGR_GROUP GRGR
  ON SGSG.GRGR_CK           = GRGR.GRGR_CK
  WHERE ATXR.ATSY_ID        ='ATCT'
  AND Upper(ATXR.ATXR_DESC) ='CWS'
  AND Upper(ATCT.ATCT_TITLE)='CWS'
  AND ATCT.ATCT_LAST_NAME NOT LIKE '%CXL%'
  )
AND rownum < 2",,,,,,secured/api/bsc/gateway/employers/groups/registration/v1,EMPLOYER,EMPLOYER,CHANNELS,INTERNAL,V1,2017-11-08 13:12:41:802,LOCALHOST,AUTHENTICATION,EGR_023,04bf0c68-f4a6-4b63-9d38-b7dab4a7df2e,lL4hG7wU1iQ5kI6eN7eV8sQ6gW8mG6xH6sB1pV6oN7kW6hS0pV
,EGR_025,"SELECT GRGR.GRGR_ID GRID,
GRGR.GRGR_ID 
  ||SGSG.SGSG_ID SGID, 
  GRGR.GRGR_NAME GRPNM
FROM FC_CMC_CSCS_CLASS CSCS
JOIN FC_CMC_GRGR_GROUP GRGR
ON GRGR.GRGR_CK = CSCS.GRGR_CK
AND UPPER(CSCS_DESC) LIKE 'CAL%'
AND GRGR.GRGR_Term_DT > SYSDATE
JOIN FC_CMC_SGSG_SUB_GROUP SGSG
ON SGSG.GRGR_CK       = GRGR.GRGR_CK
AND SGSG.SGSG_TERM_DT > SYSDATE
and grgr.grgr_ck in (select grgr_ck from FC_CMC_SGSG_SUB_GROUP SGSG group by grgr_ck having count(grgr_ck) = '1')
AND UPPER(SGSG.SGSG_NAME) like '%CAL%'
where GRGR.GRGR_ID
  || SGSG.SGSG_ID
 NOT IN
  (SELECT GRGR.GRGR_ID
    || SGSG.SGSG_ID
  FROM FACETS.CER_ATXR_ATTACH_U ATXR
  JOIN FACETS.CER_ATCT_CONTACT_D ATCT
  ON ATCT.ATXR_DEST_ID = ATXR.ATXR_DEST_ID
  JOIN FACETS.CMC_SGSG_SUB_GROUP SGSG
  ON SGSG.ATXR_SOURCE_ID = ATXR.ATXR_SOURCE_ID
  JOIN FACETS.CMC_GRGR_GROUP GRGR
  ON SGSG.GRGR_CK           = GRGR.GRGR_CK
  WHERE ATXR.ATSY_ID        ='ATCT'
  AND Upper(ATXR.ATXR_DESC) ='CWS'
  AND Upper(ATCT.ATCT_TITLE)='CWS'
  AND ATCT.ATCT_LAST_NAME NOT LIKE '%CXL%'
  )
and grgr.grgr_id like 'W%'
and rownum < '2'",,,,,,secured/api/bsc/gateway/employers/groups/registration/v1,EMPLOYER,EMPLOYER,CHANNELS,INTERNAL,V1,2017-11-08 13:12:41:802,LOCALHOST,AUTHENTICATION,EGR_024,04bf0c68-f4a6-4b63-9d38-b7dab4a7df2e,lL4hG7wU1iQ5kI6eN7eV8sQ6gW8mG6xH6sB1pV6oN7kW6hS0pV
,EGR_027,"SELECT DISTINCT 
  GRGR.GRGR_ID GRID,
  GRGR.GRGR_ID
    || SGSG.SGSG_ID SGID,
    GRGR.GRGR_NAME GRPNM
FROM FC_CMC_GRGR_GROUP GRGR
JOIN FC_CMC_SGSG_SUB_GROUP SGSG
ON SGSG.GRGR_CK         = GRGR.GRGR_CK
WHERE GRGR.GRGR_TERM_DT > sysdate
AND SGSG.SGSG_TERM_DT   > sysdate
AND UPPER(SGSG.SGSG_NAME) NOT LIKE '%CAL%'
AND grgr.grgr_id       IN
  (SELECT val.facets_id
  FROM FACETS_CUSTOM.EXT_CUSTM_DTA_ELEM_VAL val,
    FACETS_CUSTOM.EXT_CUSTM_DTA_ELEM elem
  WHERE elem.CUSTM_DTA_ELEM_KEY = val.CUSTM_DTA_ELEM_KEY
  AND elem.FACETS_APPL_MDUL_CD  = 'GRGR'
  AND elem.DTA_ELEM_PHYS_NM     = 'HIX_GRP_ID'
  AND Elem.Dta_Elem_Dta_Typ_Cd  = 'C'
  AND SYSDATE BETWEEN VAL.REC_EFF_DT AND VAL.REC_TERM_DT
  )
AND GRGR.GRGR_ID
  || SGSG.SGSG_ID NOT IN
  (SELECT GRGR.GRGR_ID
    || SGSG.SGSG_ID
  FROM FACETS.CER_ATXR_ATTACH_U ATXR
  JOIN FACETS.CER_ATCT_CONTACT_D ATCT
  ON ATCT.ATXR_DEST_ID = ATXR.ATXR_DEST_ID
  JOIN FACETS.CMC_SGSG_SUB_GROUP SGSG
  ON SGSG.ATXR_SOURCE_ID = ATXR.ATXR_SOURCE_ID
  JOIN FACETS.CMC_GRGR_GROUP GRGR
  ON SGSG.GRGR_CK           = GRGR.GRGR_CK
  WHERE ATXR.ATSY_ID        ='ATCT'
  AND Upper(ATXR.ATXR_DESC) ='CWS'
  AND Upper(ATCT.ATCT_TITLE)='CWS'
  AND ATCT.ATCT_LAST_NAME NOT LIKE '%CXL%'
  )
AND rownum < 2
",,,,,,secured/api/bsc/gateway/employers/groups/registration/v1,EMPLOYER,EMPLOYER,CHANNELS,INTERNAL,V1,2017-11-08 13:12:41:802,LOCALHOST,AUTHENTICATION,EGR_025,04bf0c68-f4a6-4b63-9d38-b7dab4a7df2e,lL4hG7wU1iQ5kI6eN7eV8sQ6gW8mG6xH6sB1pV6oN7kW6hS0pV
,EGR_028,"SELECT GRGR.GRGR_ID GRID,
GRGR.GRGR_ID
  ||SGSG.SGSG_ID SGID,
   GRGR.GRGR_NAME GRPNM,
  GRGR.GRGR_ID
  ||SGSG.SGSG_ID groupSubgroupIdentifier,
  SGSG.SGSG_NAME subgroupName,
  SGSG.SGSG_ID subgroupNumber,
  TO_CHAR(SGSG_ORIG_EFF_DT, 'YYYY-MM-DD HH24:MI:SS')effectiveDate,
  TO_CHAR(SGSG_TERM_DT, 'YYYY-MM-DD HH24:MI:SS')SGTERM,
  TO_CHAR(SGSG_RNST_DT, 'YYYY-MM-DD HH24:MI:SS') subgroupReinstateDate,
  TO_CHAR(GRGR_TERM_DT, 'YYYY-MM-DD HH24:MI:SS') cancellationDate,
  TO_CHAR(GRGR_RNST_DT, 'YYYY-MM-DD HH24:MI:SS') groupReinstateDate,
  GRGR.GRGR_STS groupStatus,
  SGSG.SGSG_STS status,
  GRGR.GRGR_NAME groupName
FROM FC_CMC_CSCS_CLASS CSCS
JOIN FC_CMC_GRGR_GROUP GRGR
ON GRGR.GRGR_CK = CSCS.GRGR_CK
AND UPPER(CSCS_DESC) LIKE 'CAL%'
AND GRGR.GRGR_Term_DT > SYSDATE
JOIN FC_CMC_SGSG_SUB_GROUP SGSG
ON SGSG.GRGR_CK       = GRGR.GRGR_CK
AND SGSG.SGSG_TERM_DT > SYSDATE
AND grgr.grgr_ck     IN
  (SELECT grgr_ck
  FROM FC_CMC_SGSG_SUB_GROUP SGSG
  GROUP BY grgr_ck
  HAVING COUNT(grgr_ck) > '1'
  )
AND UPPER(SGSG.SGSG_NAME) NOT LIKE '%CAL%'
WHERE GRGR.GRGR_ID
  || SGSG.SGSG_ID NOT IN
  (SELECT GRGR.GRGR_ID
    || SGSG.SGSG_ID
  FROM FACETS.CER_ATXR_ATTACH_U ATXR
  JOIN FACETS.CER_ATCT_CONTACT_D ATCT
  ON ATCT.ATXR_DEST_ID = ATXR.ATXR_DEST_ID
  JOIN FACETS.CMC_SGSG_SUB_GROUP SGSG
  ON SGSG.ATXR_SOURCE_ID = ATXR.ATXR_SOURCE_ID
  JOIN FACETS.CMC_GRGR_GROUP GRGR
  ON SGSG.GRGR_CK           = GRGR.GRGR_CK
  WHERE ATXR.ATSY_ID        ='ATCT'
  AND Upper(ATXR.ATXR_DESC) ='CWS'
  AND Upper(ATCT.ATCT_TITLE)='CWS'
  AND ATCT.ATCT_LAST_NAME NOT LIKE '%CXL%'
  )
AND grgr.grgr_id LIKE 'W%'
AND rownum < '2'",,,,,,secured/api/bsc/gateway/employers/groups/registration/v1,EMPLOYER,EMPLOYER,CHANNELS,INTERNAL,V1,2017-11-08 13:12:41:802,LOCALHOST,AUTHENTICATION,EGR_026,04bf0c68-f4a6-4b63-9d38-b7dab4a7df2e,lL4hG7wU1iQ5kI6eN7eV8sQ6gW8mG6xH6sB1pV6oN7kW6hS0pV
,EGR_029,"SELECT GRGR.GRGR_ID GRID,
GRGR.GRGR_ID
  ||SGSG.SGSG_ID SGID,
   GRGR.GRGR_NAME GRPNM,
  GRGR.GRGR_ID
  ||SGSG.SGSG_ID groupSubgroupIdentifier,
  SGSG.SGSG_NAME subgroupName,
  SGSG.SGSG_ID subgroupNumber,
  TO_CHAR(SGSG_ORIG_EFF_DT, 'YYYY-MM-DD HH24:MI:SS')effectiveDate,
  TO_CHAR(SGSG_TERM_DT, 'YYYY-MM-DD HH24:MI:SS')SGTERM,
  TO_CHAR(SGSG_RNST_DT, 'YYYY-MM-DD HH24:MI:SS') subgroupReinstateDate,
  TO_CHAR(GRGR_TERM_DT, 'YYYY-MM-DD HH24:MI:SS') cancellationDate,
  TO_CHAR(GRGR_RNST_DT, 'YYYY-MM-DD HH24:MI:SS') groupReinstateDate,
  GRGR.GRGR_STS groupStatus,
  SGSG.SGSG_STS status,
  GRGR.GRGR_NAME groupName
FROM FC_CMC_CSCS_CLASS CSCS
JOIN FC_CMC_GRGR_GROUP GRGR
ON GRGR.GRGR_CK = CSCS.GRGR_CK
AND UPPER(CSCS_DESC) LIKE 'CAL%'
AND GRGR.GRGR_Term_DT > SYSDATE
JOIN FC_CMC_SGSG_SUB_GROUP SGSG
ON SGSG.GRGR_CK       = GRGR.GRGR_CK
AND SGSG.SGSG_TERM_DT > SYSDATE
AND grgr.grgr_ck     IN
  (SELECT grgr_ck
  FROM FC_CMC_SGSG_SUB_GROUP SGSG
  GROUP BY grgr_ck
  HAVING COUNT(grgr_ck) > '1'
  )
AND UPPER(SGSG.SGSG_NAME) NOT LIKE '%CAL%'
WHERE GRGR.GRGR_ID
  || SGSG.SGSG_ID NOT IN
  (SELECT GRGR.GRGR_ID
    || SGSG.SGSG_ID
  FROM FACETS.CER_ATXR_ATTACH_U ATXR
  JOIN FACETS.CER_ATCT_CONTACT_D ATCT
  ON ATCT.ATXR_DEST_ID = ATXR.ATXR_DEST_ID
  JOIN FACETS.CMC_SGSG_SUB_GROUP SGSG
  ON SGSG.ATXR_SOURCE_ID = ATXR.ATXR_SOURCE_ID
  JOIN FACETS.CMC_GRGR_GROUP GRGR
  ON SGSG.GRGR_CK           = GRGR.GRGR_CK
  WHERE ATXR.ATSY_ID        ='ATCT'
  AND Upper(ATXR.ATXR_DESC) ='CWS'
  AND Upper(ATCT.ATCT_TITLE)='CWS'
  AND ATCT.ATCT_LAST_NAME NOT LIKE '%CXL%'
  )
AND grgr.grgr_id LIKE 'W%'
AND rownum < '2'",,,,,,secured/api/bsc/gateway/employers/groups/registration/v1,EMPLOYER,EMPLOYER,CHANNELS,INTERNAL,V1,2017-11-08 13:12:41:802,LOCALHOST,AUTHENTICATION,EGR_027,04bf0c68-f4a6-4b63-9d38-b7dab4a7df2e,lL4hG7wU1iQ5kI6eN7eV8sQ6gW8mG6xH6sB1pV6oN7kW6hS0pV
,EGR_030,,,"SELECT DISTINCT SUBSTR(Egau.Grp_Blg_Unit_Num,1,8) GRID, 
Egau.Grp_Blg_Unit_Num SGID
FROM Employer_Admin_User Eau,
  Employer_Group_Admin_User Egau
WHERE Eau.Svc_Extr_Usr_Id IS NOT NULL
AND Eau.Usr_Id             =Egau.Delgt_Usr_Id
AND egau.usr_role_typ_cd LIKE 'PRI_CONTC'
AND Egau.Grp_Blg_Unit_Num LIKE 'W%'
AND Egau.Acss_End_Dt IS NULL
AND rownum            < '2'",,,,secured/api/bsc/gateway/employers/groups/registration/v1,EMPLOYER,EMPLOYER,CHANNELS,INTERNAL,V1,2017-11-08 13:12:41:802,LOCALHOST,AUTHENTICATION,EGR_028,04bf0c68-f4a6-4b63-9d38-b7dab4a7df2e,lL4hG7wU1iQ5kI6eN7eV8sQ6gW8mG6xH6sB1pV6oN7kW6hS0pV
,EGR_033,"SELECT Grgr.Grgr_Name GRPNM,
  grgr.grgr_id GRID,
  grgr.grgr_id
  ||sgsg.sgsg_id SGID,
  grgr_sts,
  grgr_term_dt,
  Grgr.Grgr_Orig_Eff_Dt,
  sgsg.sgsg_name
FROM Facets.Cmc_Grgr_Group Grgr,
  Fc_Cmc_Sgsg_Sub_Group Sgsg
WHERE grgr.grgr_term_dt > sysdate
AND Grgr.Grgr_Ck        =Sgsg.Grgr_Ck
AND Grgr_Sts LIKE 'AC'
AND sgsg.sgsg_sts = 'TM'
AND sgsg_term_dt  < sysdate
and grgr.grgr_id like 'W%'
AND rownum < '2'",,,,,,secured/api/bsc/gateway/employers/groups/registration/v1,EMPLOYER,EMPLOYER,CHANNELS,INTERNAL,V1,2017-11-08 13:12:41:802,LOCALHOST,AUTHENTICATION,EGR_029,04bf0c68-f4a6-4b63-9d38-b7dab4a7df2e,lL4hG7wU1iQ5kI6eN7eV8sQ6gW8mG6xH6sB1pV6oN7kW6hS0pV
,EGR_034,,,"SELECT DISTINCT SUBSTR(Egau.Grp_Blg_Unit_Num,1,8) GRID,
  Egau.Grp_Blg_Unit_Num SGID
FROM Employer_Admin_User Eau,
  Employer_Group_Admin_User Egau
WHERE Eau.Svc_Extr_Usr_Id IS NOT NULL
AND Eau.Usr_Id             =Egau.Delgt_Usr_Id
AND egau.usr_role_typ_cd LIKE 'PRI_CONTC'
AND Egau.DELGT_USR_ID IN
  (SELECT Egau.DELGTR_USR_ID
  FROM Employer_Group_Admin_User Egau
  WHERE Egau.Acss_End_Dt > sysdate
  )
AND Egau.Grp_Blg_Unit_Num LIKE 'W%'
AND Egau.Acss_End_Dt                      IS NULL
AND SUBSTR(egau.grp_blg_unit_num,1,8) NOT IN ('W0002255', 'W0001533', 'W0001585', 'W0001049', 'W0001056', 'W0001014', 'W0001032', 'W0001091', 'W0001094', 'W0001098', 'W0001125', 'W0001126', 'W0002181', 'W0002253', 'W0003070', 'W0003121', 'W0003126', 'W0003200', 'W0003220', 'W0003238', 'W0003265', 'W0003275', 'W0003357', 'W0003392', 'W0003394', 'W0003421', 'W0003448', 'W0003466', 'W0003486', 'W0003513', 'W0003532', 'W0003555', 'W0003608', 'W0003626', 'W0003765', 'W0003843', 'W0003866', 'W0003903', 'W0003950', 'W0003984', 'W0004002', 'W0004034', 'W0004045', 'W0004080', 'W0004196', 'W0004214', 'W0004264', 'W0004288', 'W0004289', 'W0004347', 'W0004353', 'W0004354', 'W0004387', 'W0004421', 'W0004472', 'W0004486', 'W0004512', 'W0004513', 'W0004522', 'W0004536', 'W0004620', 'W0004634', 'W0004712', 'W0004739', 'W0004779', 'W0004940', 'W0004984', 'W0005004', 'W0005068', 'W0005083', 'W0005091', 'W0005133', 'W0005139', 'W0005210', 'W0005280', 'W0005311', 'W0005385', 'W0005399', 'W0005440', 'W0005531', 'W0005650',
  'W0005707', 'W0005739', 'W0054633','W0005771', 'W0005809', 'W0005828', 'W0005875', 'W0006037', 'W0006042', 'W0006059', 'W0006065', 'W0001667', 'W0001678', 'W0001755', 'W0001886', 'W0002023', 'W0002343', 'W0002356', 'W0002431', 'W0002437', 'W0002436', 'W0002443', 'W0002451', 'W0002464', 'W0002493', 'W0002509', 'W0002554', 'W0002570', 'W0002587', 'W0002594', 'W0002603', 'W0002645', 'W0001263', 'W0007779', 'W0007781', 'W0007812', 'W0007829', 'W0007852', 'W0007893', 'W0007961', 'W0007997', 'W0007994', 'W0008029', 'W0008098', 'W0008145', 'W0008164', 'W0008167', 'W0008193', 'W0008203', 'W0008277', 'W0008295', 'W0008316', 'W0008324', 'W0008384', 'W0008431', 'W0008441', 'W0008480', 'W0008479', 'W0008537', 'W0008531', 'W0008609', 'W0008615', 'W0008634', 'W0008655', 'W0008662', 'W0008706', 'W0008759', 'W0008783', 'W0008839', 'W0008848', 'W0008873', 'W0008894', 'W0008899', 'W0008905', 'W0008930', 'W0008966', 'W0008993', 'W0008997', 'W0009023', 'W0009101', 'W0009123', 'W0009131', 'W0009179',
  'W0009193', 'W0009196', 'W0009322', 'W0009400', 'W0009413', 'W0009414', 'W0009450', 'W0009509', 'W0009547', 'W0009560', 'W0009564', 'W0009567', 'W0009582', 'W0009593', 'W0009621', 'W0009643', 'W0009681', 'W0009729', 'W0009738', 'W0009737', 'W0009774', 'W0009814', 'W0009880', 'W0009974', 'W0009986', 'W0010029', 'W0010052', 'W0010063', 'W0010103', 'W0010250', 'W0010304', 'W0010322', 'W0010363', 'W0010401', 'W0010427', 'W0010493', 'W0010492', 'W0010547', 'W0010576', 'W0010617', 'W0010626', 'W0010734', 'W0010772', 'W0010843', 'W0010849', 'W0010869', 'W0010901', 'W0010924', 'W0010931', 'W0011019', 'W0011068', 'W0011111', 'W0011136', 'W0011203', 'W0011206', 'W0011274', 'W0011282', 'W0011291', 'W0011316', 'W0011319', 'W0011322', 'W0011333', 'W0011351', 'W0011387', 'W0011415', 'W0011470', 'W0011500', 'W0011519', 'W0011552', 'W0011568', 'W0011574', 'W0011571', 'W0011578', 'W0011635', 'W0011643', 'W0011648', 'W0011662', 'W0011667', 'W0011675', 'W0011777', 'W0006118', 'W0006128', 'W0006148',
  'W0006170', 'W0006185', 'W0006272', 'W0006280', 'W0006313', 'W0006321', 'W0006335', 'W0006437', 'W0006429', 'W0006487', 'W0006503', 'W0006506', 'W0006571', 'W0006574', 'W0006588', 'W0006641', 'W0006676', 'W0006701', 'W0006719', 'W0006738', 'W0006785', 'W0006793', 'W0006822', 'W0006840', 'W0006850', 'W0006867', 'W0006999', 'W0007059', 'W0007064', 'W0007188', 'W0007197', 'W0007245', 'W0007251', 'W0007250', 'W0007264', 'W0007355', 'W0007358', 'W0007385', 'W0007396', 'W0007481', 'W0007514', 'W0007538', 'W0007597', 'W0007604', 'W0007640', 'W0007675', 'W0007682', 'W0007715', 'W0007733', 'W0014385', 'W0014387', 'W0014391', 'W0014398', 'W0014409', 'W0014410', 'W0014418', 'W0014422', 'W0014425', 'W0014438', 'W0014439', 'W0014449', 'W0014474', 'W0014496', 'W0014520', 'W0014528', 'W0014545', 'W0014563', 'W0014575', 'W0014594', 'W0014616', 'W0014618', 'W0014619', 'W0014624', 'W0014666', 'W0014683', 'W0014722', 'W0014740', 'W0014746', 'W0014754', 'W0014759', 'W0014769', 'W0014779', 'W0014803',
  'W0014827', 'W0001012','W0014849', 'W0014856', 'W0014857', 'W0014906', 'W0014910','W0037177', 'W0014933', 'W0014937', 'W0014943','W0002406','W0004137', 'W0001503', 'W0001063', 'W0001116', 'W0001013', 'W0001016', 'W0003764', 'W0004079', 'W0004156', 'W0004268', 'W0004417', 'W0004602', 'W0004836', 'W0005396', 'W0005534', 'W0005556', 'W0006061', 'W0001677', 'W0001819', 'W0001851', 'W0001866', 'W0001875', 'W0001883', 'W0002375', 'W0002544', 'W0002666', 'W0008012', 'W0008172', 'W0008226', 'W0008671', 'W0009153', 'W0009286', 'W0009318', 'W0009562', 'W0009611', 'W0010097', 'W0010135', 'W0010871', 'W0010909', 'W0011159', 'W0011251', 'W0011398', 'W0011608', 'W0011620', 'W0011716', 'W0006091', 'W0006267', 'W0006547', 'W0006561', 'W0006789', 'W0007196', 'W0014792', 'W0015153', 'W0015255', 'W0054438', 'W0054441', 'W0054479', 'W0054476', 'W0012002', 'W0013500', 'W0014093', 'W0017211', 'W0017240', 'W0017333', 'W0017472', 'W0017493', 'W0017550', 'W0017646', 'W0017953', 'W0017960', 'W0017989',
  'W0018072', 'W0018447', 'W0018470', 'W0018490', 'W0018492', 'W0018500', 'W0018546', 'W0054654', 'W0054871', 'W0054813', 'W0054910', 'W0020044', 'W0020048', 'W0020414', 'W0020702', 'W0020824', 'W0020918', 'W0020983', 'W0021052', 'W0018592', 'W0018733', 'W0019072', 'W0019159', 'W0019194', 'W0019351', 'W0019585', 'W0019798', 'W0022094', 'W0055118', 'W0055146', 'W0055195', 'W0055232', 'W0055387', 'W0055444', 'W0055491', 'W0053175', 'W0055662', 'W0055684', 'W0055730', 'W0055785', 'W0021627', 'W0021663', 'W0021772', 'W0021801', 'W0022028', 'W0026250', 'W0026288', 'W0026565', 'W0026769', 'W0026818', 'W0026850', 'W0027406', 'W0027728', 'W0028147', 'W0028442', 'W0028446', 'W0028464', 'W0028458', 'W0028600', 'W0029397', 'W0016579', 'W0016880', 'W0022630', 'W0023211', 'W0023306', 'W0023359', 'W0023988', 'W0024071', 'W0024208', 'W0024376', 'W0024408', 'W0024455', 'W0024551', 'W0025005', 'W0025343', 'W0033733', 'W0033932', 'W0033964', 'W0034188', 'W0034478', 'W0034676', 'W0034812', 'W0034915',
  'W0036251', 'W0036413', 'W0036486', 'W0036642', 'W0036646', 'W0036659', 'W0038054', 'W0038230', 'W0038253', 'W0038259', 'W0038887', 'W0031005', 'W0031304', 'W0031348', 'W0031713', 'W0032091', 'W0032141', 'W0032227', 'W0032308', 'W0032454', 'W0033512', 'W0045488', 'W0045550', 'W0045664', 'W0046527', 'W0046788', 'W0048399', 'W0041256', 'W0041380', 'W0041387', 'W0041413', 'W0041705', 'W0041819', 'W0043692', 'W0043998', 'W0043988', 'W0044077', 'W0044134', 'W0044300', 'W0044397', 'W0044472', 'W0044477', 'W0044480', 'W0044540', 'W0056054', 'W0056197', 'W0056241', 'W0056321', 'W0001785', 'W0002015', 'W0002016', 'W0002501', 'W0002729', 'W0002741', 'W0002762', 'W0003203', 'W0003221', 'W0003299', 'W0051083', 'W0051444', 'W0055839', 'W0053314', 'W0007817', 'W0008011', 'W0008574', 'W0008673', 'W0008932', 'W0009311', 'W0009426', 'W0009608', 'W0009996', 'W0010773', 'W0010874', 'W0010957', 'W0003876', 'W0003911', 'W0004186', 'W0004477', 'W0004446', 'W0004954', 'W0005179', 'W0005376', 'W0005431',
  'W0005738', 'W0005963', 'W0006600', 'W0007172', 'W0007499', 'W0013340', 'W0013408', 'W0013581', 'W0015673', 'W0015776', 'W0042597','W0016100', 'W0016113', 'W0016640', 'W0016876', 'W0017054', 'W0017068', 'W0022374', 'W0022499', 'W0022621', 'W0022799', 'W0022947', 'W0022974', 'W0023031', 'W0011216', 'W0011402', 'W0011516', 'W0012001', 'W0012985', 'W0013050', 'W0026711', 'W0026959', 'W0026982', 'W0026990', 'W0027008', 'W0027052', 'W0027060', 'W0027109', 'W0027460', 'W0027618', 'W0027813', 'W0027833', 'W0027935', 'W0027976', 'W0028015', 'W0028328', 'W0028511', 'W0028754', 'W0028906', 'W0028927', 'W0023851', 'W0023870', 'W0023902', 'W0024082', 'W0024307', 'W0024326', 'W0024725', 'W0024802', 'W0024879', 'W0025177', 'W0025304', 'W0025564', 'W0025657', 'W0025739', 'W0025844', 'W0025949', 'W0026038', 'W0026314', 'W0030540', 'W0030594', 'W0030616', 'W0030675', 'W0031008', 'W0031215', 'W0031415', 'W0031694', 'W0031717', 'W0031736', 'W0032165', 'W0032554', 'W0032608', 'W0032768', 'W0033027',
  'W0033074', 'W0033416', 'W0033683', 'W0033931', 'W0029121', 'W0029443', 'W0029530', 'W0030026', 'W0030256', 'W0030271', 'W0037027', 'W0037059', 'W0037463', 'W0037517', 'W0037605', 'W0037751', 'W0038308', 'W0038532', 'W0038588', 'W0039210', 'W0039388', 'W0034149', 'W0034178', 'W0034225', 'W0034484', 'W0035119', 'W0035177', 'W0035206', 'W0035244', 'W0035313', 'W0035332', 'W0035438', 'W0036162', 'W0036853', 'W0036883', 'W0040368', 'W0040363', 'W0040572', 'W0040582', 'W0011537', 'W0012400', 'W0049917', 'W0050012', 'W0050045', 'W0050231', 'W0041285', 'W0041535', 'W0040859', 'W0040935', 'W0041001', 'W0041073', 'W0012878', 'W0013354', 'W0014199', 'W0042179', 'W0042224', 'W0051704', 'W0033630', 'W0034039', 'W0034045', 'W0034055', 'W0034133', 'W0022558', 'W0022623', 'W0023027', 'W0023127', 'W0023462', 'W0042617', 'W0056540', 'W0056576', 'W0056594', 'W0056605', 'W0056631', 'W0034565', 'W0035135', 'W0035251', 'W0023767', 'W0023854', 'W0042975', 'W0043051', 'W0043054', 'W0043262', 'W0043346',
  'W0053538', 'W0053537', 'W0056854', 'W0056794', 'W0056891', 'W0056893', 'W0035638', 'W0035873', 'W0035924', 'W0036034', 'W0036045', 'W0036114', 'W0036117', 'W0024471', 'W0024522', 'W0025057', 'W0043484', 'W0043651', 'W0043664', 'W0043796', 'W0036470', 'W0026039', 'W0044135', 'W0044180', 'W0044436', 'W0044528', 'W0044649', 'W0044749', 'W0044846', 'W0002921', 'W0002986', 'W0014945', 'W0014964', 'W0014980', 'W0014992', 'W0015011', 'W0015023', 'W0015024', 'W0015026', 'W0015044', 'W0015049', 'W0015051', 'W0015070', 'W0015073', 'W0015078', 'W0015086')
AND rownum < '2'",,,,secured/api/bsc/gateway/employers/groups/registration/v1,EMPLOYER,EMPLOYER,CHANNELS,INTERNAL,V1,2017-11-08 13:12:41:802,LOCALHOST,AUTHENTICATION,EGR_030,04bf0c68-f4a6-4b63-9d38-b7dab4a7df2e,lL4hG7wU1iQ5kI6eN7eV8sQ6gW8mG6xH6sB1pV6oN7kW6hS0pV
,EGR_035,,,,,,,secured/api/bsc/gateway/employers/groups/registration/v1,EMPLOYER,EMPLOYER,CHANNELS,INTERNAL,V1,2017-11-08 13:12:41:802,LOCALHOST,AUTHENTICATION,EGR_031,04bf0c68-f4a6-4b63-9d38-b7dab4a7df2e,lL4hG7wU1iQ5kI6eN7eV8sQ6gW8mG6xH6sB1pV6oN7kW6hS0pV
,EGR_036,,,"SELECT '123' GRID
FROM Employer_Portal_Group_Customer
WHERE lck_typ_cd LIKE 'LCK_ACCESS'
And Autom_Sup_Admin_Asgn_Ind='Y'
and grp_cust_nbr like 'W%'
and rownum < '2'",,,,secured/api/bsc/gateway/employers/groups/registration/v1,EMPLOYER,EMPLOYER,CHANNELS,INTERNAL,V1,2017-11-08 13:12:41:802,LOCALHOST,AUTHENTICATION,EGR_032,04bf0c68-f4a6-4b63-9d38-b7dab4a7df2e,lL4hG7wU1iQ5kI6eN7eV8sQ6gW8mG6xH6sB1pV6oN7kW6hS0pV
,EGR_037,,,"SELECT DISTINCT SUBSTR(Egau.Grp_Blg_Unit_Num,1,8) GRID, 
SUBSTR(Egau.Grp_Blg_Unit_Num,1,9) SGID
FROM Employer_Admin_User Eau,
  Employer_Group_Admin_User Egau
WHERE Eau.Svc_Extr_Usr_Id IS NOT NULL
AND Eau.Usr_Id             =Egau.Delgt_Usr_Id
AND egau.usr_role_typ_cd LIKE 'PRI_CONTC'
AND Egau.Grp_Blg_Unit_Num LIKE 'W%'
AND Egau.Acss_End_Dt IS NULL
AND rownum            < '2'",,,,secured/api/bsc/gateway/employers/groups/registration/v1,EMPLOYER,EMPLOYER,CHANNELS,INTERNAL,V1,2017-11-08 13:12:41:802,LOCALHOST,AUTHENTICATION,EGR_033,04bf0c68-f4a6-4b63-9d38-b7dab4a7df2e,lL4hG7wU1iQ5kI6eN7eV8sQ6gW8mG6xH6sB1pV6oN7kW6hS0pV
,EGR_038,,,"SELECT DISTINCT SUBSTR(Egau.Grp_Blg_Unit_Num,1,8) GRID, 
'123456780000' SGID
FROM Employer_Admin_User Eau,
  Employer_Group_Admin_User Egau
WHERE Eau.Svc_Extr_Usr_Id IS NOT NULL
AND Eau.Usr_Id             =Egau.Delgt_Usr_Id
AND egau.usr_role_typ_cd LIKE 'PRI_CONTC'
AND Egau.Grp_Blg_Unit_Num LIKE 'W%'
AND Egau.Acss_End_Dt IS NULL
AND rownum            < '2'",,,,secured/api/bsc/gateway/employers/groups/registration/v1,EMPLOYER,EMPLOYER,CHANNELS,INTERNAL,V1,2017-11-08 13:12:41:802,LOCALHOST,AUTHENTICATION,EGR_034,04bf0c68-f4a6-4b63-9d38-b7dab4a7df2e,lL4hG7wU1iQ5kI6eN7eV8sQ6gW8mG6xH6sB1pV6oN7kW6hS0pV
,EGR_039,"SELECT GRGR.GRGR_ID GRID,
  GRGR.GRGR_ID
  ||SGSG.SGSG_ID SGID,
  GRGR.GRGR_NAME GRPNM
FROM FC_CMC_CSCS_CLASS CSCS
JOIN FC_CMC_GRGR_GROUP GRGR
ON GRGR.GRGR_CK = CSCS.GRGR_CK
AND UPPER(CSCS_DESC) NOT LIKE 'CAL%'
AND GRGR.GRGR_Term_DT > SYSDATE
JOIN FC_CMC_SGSG_SUB_GROUP SGSG
ON SGSG.GRGR_CK       = GRGR.GRGR_CK
AND SGSG.SGSG_TERM_DT > SYSDATE
AND UPPER(SGSG.SGSG_NAME) NOT LIKE '%CAL%'
WHERE grgr.grgr_id IN
  (SELECT DISTINCT GRGR.GRGR_ID a
  FROM FC_CMC_BSBS_SUM BSBS
  JOIN FC_CMC_PDBC_PROD_COMP PDBC
  ON BSBS.PDBC_PFX   = PDBC.PDBC_PFX
  AND PDBC.PDBC_TYPE = 'BSBS'
  AND SYSDATE BETWEEN PDBC.PDBC_EFF_DT AND PDBC.PDBC_TERM_DT
  JOIN FC_CMC_CSPI_CS_PLAN CSPI
  ON PDBC.PDPD_ID     = CSPI.PDPD_ID
  AND CSPI.CSPD_CAT  IN ('I','M')
  AND BSBS.BSBS_TYPE IN ('BH00','CM00','CM01','CM02','CM03','CM04','CM05','CM06','CM07','DM00','DM01','DM02','DM03','DM04','DM05','DM06', 'EX00','EX01','EX02','HM01','ME01','ME02','WE01','WE02','WE03','WE04')
  AND SYSDATE BETWEEN CSPI.CSPI_EFF_DT AND CSPI.CSPI_TERM_DT
  JOIN FC_CMC_GRGR_GROUP GRGR
  ON CSPI.GRGR_CK = GRGR.GRGR_CK
  )
AND GRGR.GRGR_ID
  || SGSG.SGSG_ID NOT IN
  (SELECT GRGR.GRGR_ID
    || SGSG.SGSG_ID
  FROM FACETS.CER_ATXR_ATTACH_U ATXR
  JOIN FACETS.CER_ATCT_CONTACT_D ATCT
  ON ATCT.ATXR_DEST_ID = ATXR.ATXR_DEST_ID
  JOIN FACETS.CMC_SGSG_SUB_GROUP SGSG
  ON SGSG.ATXR_SOURCE_ID = ATXR.ATXR_SOURCE_ID
  JOIN FACETS.CMC_GRGR_GROUP GRGR
  ON SGSG.GRGR_CK           = GRGR.GRGR_CK
  WHERE ATXR.ATSY_ID        ='ATCT'
  AND Upper(ATXR.ATXR_DESC) ='CWS'
  AND Upper(ATCT.ATCT_TITLE)='CWS'
  AND ATCT.ATCT_LAST_NAME NOT LIKE '%CXL%'
  )
AND grgr.grgr_id LIKE 'W%'
AND rownum < '2'",,,,,"SELECT  DISTINCT bsbs.a,
  LISTAGG(BSBS.BSBS, ',') WITHIN GROUP (
ORDER BY bsbs.a)  hwtypes
FROM 
(SELECT DISTINCT GRGR.GRGR_ID a, BSBS.BSBS_TYPE AS BSBS
FROM FC_CMC_BSBS_SUM BSBS
JOIN FC_CMC_PDBC_PROD_COMP PDBC
ON BSBS.PDBC_PFX   = PDBC.PDBC_PFX
AND PDBC.PDBC_TYPE = 'BSBS'
AND SYSDATE BETWEEN PDBC.PDBC_EFF_DT AND PDBC.PDBC_TERM_DT
JOIN FC_CMC_CSPI_CS_PLAN CSPI
ON PDBC.PDPD_ID     = CSPI.PDPD_ID
AND CSPI.CSPD_CAT  IN ('I','M')
AND BSBS.BSBS_TYPE IN ('BH00','CM00','CM01','CM02','CM03','CM04','CM05','CM06','CM07','DM00','DM01','DM02','DM03','DM04','DM05','DM06', 'EX00','EX01','EX02','HM01','ME01','ME02','WE01','WE02','WE03','WE04')
AND SYSDATE BETWEEN CSPI.CSPI_EFF_DT AND CSPI.CSPI_TERM_DT
JOIN FC_CMC_GRGR_GROUP GRGR
ON CSPI.GRGR_CK   = GRGR.GRGR_CK
) bsbs
where bsbs.a = ?
group by bsbs.a",secured/api/bsc/gateway/employers/groups/registration/v1,EMPLOYER,EMPLOYER,CHANNELS,INTERNAL,V1,2017-11-08 13:12:41:802,LOCALHOST,AUTHENTICATION,EGR_035,04bf0c68-f4a6-4b63-9d38-b7dab4a7df2e,lL4hG7wU1iQ5kI6eN7eV8sQ6gW8mG6xH6sB1pV6oN7kW6hS0pV
,EGR_040,"SELECT GRGR.GRGR_ID GRID,
  GRGR.GRGR_ID
  ||SGSG.SGSG_ID SGID,
  GRGR.GRGR_NAME GRPNM
FROM FC_CMC_CSCS_CLASS CSCS
JOIN FC_CMC_GRGR_GROUP GRGR
ON GRGR.GRGR_CK = CSCS.GRGR_CK
AND UPPER(CSCS_DESC) NOT LIKE 'CAL%'
AND GRGR.GRGR_Term_DT > SYSDATE
JOIN FC_CMC_SGSG_SUB_GROUP SGSG
ON SGSG.GRGR_CK       = GRGR.GRGR_CK
AND SGSG.SGSG_TERM_DT > SYSDATE
AND UPPER(SGSG.SGSG_NAME) NOT LIKE '%CAL%'
WHERE grgr.grgr_id IN
  (SELECT DISTINCT GRGR.GRGR_ID a
  FROM FC_CMC_BSBS_SUM BSBS
  JOIN FC_CMC_PDBC_PROD_COMP PDBC
  ON BSBS.PDBC_PFX   = PDBC.PDBC_PFX
  AND PDBC.PDBC_TYPE = 'BSBS'
  AND SYSDATE BETWEEN PDBC.PDBC_EFF_DT AND PDBC.PDBC_TERM_DT
  JOIN FC_CMC_CSPI_CS_PLAN CSPI
  ON PDBC.PDPD_ID     = CSPI.PDPD_ID
  AND CSPI.CSPD_CAT  IN ('I','M')
  AND BSBS.BSBS_TYPE IN ('BH00','CM00','CM01','CM02','CM03','CM04','CM05','CM06','CM07','DM00','DM01','DM02','DM03','DM04','DM05','DM06', 'EX00','EX01','EX02','HM01','ME01','ME02','WE01','WE02','WE03','WE04')
  AND SYSDATE BETWEEN CSPI.CSPI_EFF_DT AND CSPI.CSPI_TERM_DT
  JOIN FC_CMC_GRGR_GROUP GRGR
  ON CSPI.GRGR_CK = GRGR.GRGR_CK
  )
AND GRGR.GRGR_ID
  || SGSG.SGSG_ID NOT IN
  (SELECT GRGR.GRGR_ID
    || SGSG.SGSG_ID
  FROM FACETS.CER_ATXR_ATTACH_U ATXR
  JOIN FACETS.CER_ATCT_CONTACT_D ATCT
  ON ATCT.ATXR_DEST_ID = ATXR.ATXR_DEST_ID
  JOIN FACETS.CMC_SGSG_SUB_GROUP SGSG
  ON SGSG.ATXR_SOURCE_ID = ATXR.ATXR_SOURCE_ID
  JOIN FACETS.CMC_GRGR_GROUP GRGR
  ON SGSG.GRGR_CK           = GRGR.GRGR_CK
  WHERE ATXR.ATSY_ID        ='ATCT'
  AND Upper(ATXR.ATXR_DESC) ='CWS'
  AND Upper(ATCT.ATCT_TITLE)='CWS'
  AND ATCT.ATCT_LAST_NAME NOT LIKE '%CXL%'
  )
AND grgr.grgr_id LIKE 'W%'
AND rownum < '2'",,,,,"SELECT COUNT( DISTINCT (GRGR.GRGR_ID
  ||BSBS.BSBS_TYPE)) AS CNT
FROM FC_CMC_BSBS_SUM BSBS
JOIN FC_CMC_PDBC_PROD_COMP PDBC
ON BSBS.PDBC_PFX   = PDBC.PDBC_PFX
AND PDBC.PDBC_TYPE = 'BSBS'
AND SYSDATE BETWEEN PDBC.PDBC_EFF_DT AND PDBC.PDBC_TERM_DT
JOIN FC_CMC_CSPI_CS_PLAN CSPI
ON PDBC.PDPD_ID     = CSPI.PDPD_ID
AND CSPI.CSPD_CAT  IN ('I','M')
AND BSBS.BSBS_TYPE IN ('BH00','CM00','CM01','CM02','CM03','CM04','CM05','CM06','CM07','DM00','DM01','DM02','DM03','DM04','DM05','DM06', 'EX00','EX01','EX02','HM01','ME01','ME02','WE01','WE02','WE03','WE04')
AND SYSDATE BETWEEN CSPI.CSPI_EFF_DT AND CSPI.CSPI_TERM_DT
JOIN FC_CMC_GRGR_GROUP GRGR
ON CSPI.GRGR_CK = GRGR.GRGR_CK
AND grgr.grgr_id = ?",secured/api/bsc/gateway/employers/groups/registration/v1,EMPLOYER,EMPLOYER,CHANNELS,INTERNAL,V1,2017-11-08 13:12:41:802,LOCALHOST,AUTHENTICATION,EGR_036,04bf0c68-f4a6-4b63-9d38-b7dab4a7df2e,lL4hG7wU1iQ5kI6eN7eV8sQ6gW8mG6xH6sB1pV6oN7kW6hS0pV
,EGR_041,"SELECT GRGR.GRGR_ID GRID,
  GRGR.GRGR_ID
  ||SGSG.SGSG_ID SGID,
  GRGR.GRGR_NAME GRPNM
FROM FC_CMC_CSCS_CLASS CSCS
JOIN FC_CMC_GRGR_GROUP GRGR
ON GRGR.GRGR_CK = CSCS.GRGR_CK
AND UPPER(CSCS_DESC) NOT LIKE 'CAL%'
AND GRGR.GRGR_ORIG_EFF_DT > sysdate
JOIN FC_CMC_SGSG_SUB_GROUP SGSG
ON SGSG.GRGR_CK       = GRGR.GRGR_CK
AND UPPER(SGSG.SGSG_NAME) NOT LIKE '%CAL%'
WHERE 
 GRGR.GRGR_ID
  || SGSG.SGSG_ID NOT IN
  (SELECT GRGR.GRGR_ID
    || SGSG.SGSG_ID
  FROM FACETS.CER_ATXR_ATTACH_U ATXR
  JOIN FACETS.CER_ATCT_CONTACT_D ATCT
  ON ATCT.ATXR_DEST_ID = ATXR.ATXR_DEST_ID
  JOIN FACETS.CMC_SGSG_SUB_GROUP SGSG
  ON SGSG.ATXR_SOURCE_ID = ATXR.ATXR_SOURCE_ID
  JOIN FACETS.CMC_GRGR_GROUP GRGR
  ON SGSG.GRGR_CK           = GRGR.GRGR_CK
  WHERE ATXR.ATSY_ID        ='ATCT'
  AND Upper(ATXR.ATXR_DESC) ='CWS'
  AND Upper(ATCT.ATCT_TITLE)='CWS'
  AND ATCT.ATCT_LAST_NAME NOT LIKE '%CXL%'
  )
AND grgr.grgr_id LIKE 'W%'
AND rownum < '2'",,,,,,secured/api/bsc/gateway/employers/groups/registration/v1,EMPLOYER,EMPLOYER,CHANNELS,INTERNAL,V1,2017-11-08 13:12:41:802,LOCALHOST,AUTHENTICATION,EGR_037,04bf0c68-f4a6-4b63-9d38-b7dab4a7df2e,lL4hG7wU1iQ5kI6eN7eV8sQ6gW8mG6xH6sB1pV6oN7kW6hS0pV
,EGR_042,"SELECT DISTINCT GRGR.GRGR_ID GRID,
  mctr.mctr_value groupLob,
  mctr.mctr_desc groupLobDescription
FROM fc_cmc_mctr_cd_trans mctr
JOIN fc_cmc_grgc_group_count grgc
ON grgc.grgc_mctr_ctyp   = mctr.mctr_value
AND grgc.grgc_eff_dt    <= systimestamp
AND grgc.grgc_term_dt   >= systimestamp
AND grgc.grgc_mctr_ctyp >= '1000'
AND grgc.grgc_mctr_ctyp <= '1999'
JOIN fc_cmc_grgr_group grgr
ON grgr.grgr_ck        = grgc.grgr_ck
JOIN FC_CMC_SGSG_SUB_GROUP SGSG
on SGSG.GRGR_CK = GRGR.GRGR_CK
AND UPPER(SGSG.SGSG_NAME) NOT LIKE '%CAL%'
WHERE mctr.mctr_entity = 'GRSG'
AND mctr.mctr_type     = 'CTYP'
AND mctr.mctr_desc    in ('Midsize')
AND GRGR.GRGR_ID
  || SGSG.SGSG_ID NOT IN
  (SELECT GRGR.GRGR_ID
    || SGSG.SGSG_ID
  FROM FACETS.CER_ATXR_ATTACH_U ATXR
  JOIN FACETS.CER_ATCT_CONTACT_D ATCT
  ON ATCT.ATXR_DEST_ID = ATXR.ATXR_DEST_ID
  JOIN FACETS.CMC_SGSG_SUB_GROUP SGSG
  ON SGSG.ATXR_SOURCE_ID = ATXR.ATXR_SOURCE_ID
  JOIN FACETS.CMC_GRGR_GROUP GRGR
  ON SGSG.GRGR_CK           = GRGR.GRGR_CK
  WHERE ATXR.ATSY_ID        ='ATCT'
  AND Upper(ATXR.ATXR_DESC) ='CWS'
  AND Upper(ATCT.ATCT_TITLE)='CWS'
  AND ATCT.ATCT_LAST_NAME NOT LIKE '%CXL%'
  )
AND rownum < '2'",,,,,,secured/api/bsc/gateway/employers/groups/registration/v1,EMPLOYER,EMPLOYER,CHANNELS,INTERNAL,V1,2017-11-08 13:12:41:802,LOCALHOST,AUTHENTICATION,EGR_038,04bf0c68-f4a6-4b63-9d38-b7dab4a7df2e,lL4hG7wU1iQ5kI6eN7eV8sQ6gW8mG6xH6sB1pV6oN7kW6hS0pV
,EGR_043,"SELECT DISTINCT GRGR.GRGR_ID GRID,
  mctr.mctr_value groupLob,
  mctr.mctr_desc groupLobDescription
FROM fc_cmc_mctr_cd_trans mctr
JOIN fc_cmc_grgc_group_count grgc
ON grgc.grgc_mctr_ctyp   = mctr.mctr_value
AND grgc.grgc_eff_dt    <= systimestamp
AND grgc.grgc_term_dt   >= systimestamp
AND grgc.grgc_mctr_ctyp >= '1000'
AND grgc.grgc_mctr_ctyp <= '1999'
JOIN fc_cmc_grgr_group grgr
ON grgr.grgr_ck        = grgc.grgr_ck
JOIN FC_CMC_SGSG_SUB_GROUP SGSG
on SGSG.GRGR_CK = GRGR.GRGR_CK
AND UPPER(SGSG.SGSG_NAME) NOT LIKE '%CAL%'
WHERE mctr.mctr_entity = 'GRSG'
AND mctr.mctr_type     = 'CTYP'
AND mctr.mctr_desc    not in ('Small', 'Large','IFP','Midsize')
AND GRGR.GRGR_ID
  || SGSG.SGSG_ID NOT IN
  (SELECT GRGR.GRGR_ID
    || SGSG.SGSG_ID
  FROM FACETS.CER_ATXR_ATTACH_U ATXR
  JOIN FACETS.CER_ATCT_CONTACT_D ATCT
  ON ATCT.ATXR_DEST_ID = ATXR.ATXR_DEST_ID
  JOIN FACETS.CMC_SGSG_SUB_GROUP SGSG
  ON SGSG.ATXR_SOURCE_ID = ATXR.ATXR_SOURCE_ID
  JOIN FACETS.CMC_GRGR_GROUP GRGR
  ON SGSG.GRGR_CK           = GRGR.GRGR_CK
  WHERE ATXR.ATSY_ID        ='ATCT'
  AND Upper(ATXR.ATXR_DESC) ='CWS'
  AND Upper(ATCT.ATCT_TITLE)='CWS'
  AND ATCT.ATCT_LAST_NAME NOT LIKE '%CXL%'
  )
AND rownum < '2'",,,,,,secured/api/bsc/gateway/employers/groups/registration/v1,EMPLOYER,EMPLOYER,CHANNELS,INTERNAL,V1,2017-11-08 13:12:41:802,LOCALHOST,AUTHENTICATION,EGR_039,04bf0c68-f4a6-4b63-9d38-b7dab4a7df2e,lL4hG7wU1iQ5kI6eN7eV8sQ6gW8mG6xH6sB1pV6oN7kW6hS0pV
,EGR_044,"SELECT DISTINCT GRGR.GRGR_ID ||' ' GRID,
  mctr.mctr_value groupLob,
  mctr.mctr_desc groupLobDescription
FROM fc_cmc_mctr_cd_trans mctr
JOIN fc_cmc_grgc_group_count grgc
ON grgc.grgc_mctr_ctyp   = mctr.mctr_value
AND grgc.grgc_eff_dt    <= systimestamp
AND grgc.grgc_term_dt   >= systimestamp
AND grgc.grgc_mctr_ctyp >= '1000'
AND grgc.grgc_mctr_ctyp <= '1999'
JOIN fc_cmc_grgr_group grgr
ON grgr.grgr_ck        = grgc.grgr_ck
JOIN FC_CMC_SGSG_SUB_GROUP SGSG
on SGSG.GRGR_CK = GRGR.GRGR_CK
AND UPPER(SGSG.SGSG_NAME) NOT LIKE '%CAL%'
WHERE mctr.mctr_entity = 'GRSG'
AND mctr.mctr_type     = 'CTYP'
AND mctr.mctr_desc    in ('Midsize')
AND GRGR.GRGR_ID
  || SGSG.SGSG_ID NOT IN
  (SELECT GRGR.GRGR_ID
    || SGSG.SGSG_ID
  FROM FACETS.CER_ATXR_ATTACH_U ATXR
  JOIN FACETS.CER_ATCT_CONTACT_D ATCT
  ON ATCT.ATXR_DEST_ID = ATXR.ATXR_DEST_ID
  JOIN FACETS.CMC_SGSG_SUB_GROUP SGSG
  ON SGSG.ATXR_SOURCE_ID = ATXR.ATXR_SOURCE_ID
  JOIN FACETS.CMC_GRGR_GROUP GRGR
  ON SGSG.GRGR_CK           = GRGR.GRGR_CK
  WHERE ATXR.ATSY_ID        ='ATCT'
  AND Upper(ATXR.ATXR_DESC) ='CWS'
  AND Upper(ATCT.ATCT_TITLE)='CWS'
  AND ATCT.ATCT_LAST_NAME NOT LIKE '%CXL%'
  )
AND rownum < '2'",,,,,,secured/api/bsc/gateway/employers/groups/registration/v1,EMPLOYER,EMPLOYER,CHANNELS,INTERNAL,V1,2017-11-08 13:12:41:802,LOCALHOST,AUTHENTICATION,EGR_040,04bf0c68-f4a6-4b63-9d38-b7dab4a7df2e,lL4hG7wU1iQ5kI6eN7eV8sQ6gW8mG6xH6sB1pV6oN7kW6hS0pV
,EGR_045,"SELECT GRGR.GRGR_ID GRID,
  GRGR.GRGR_ID
  ||SGSG.SGSG_ID SGID,
  GRGR.GRGR_NAME GNM
FROM FC_CMC_CSCS_CLASS CSCS
JOIN FC_CMC_GRGR_GROUP GRGR
ON GRGR.GRGR_CK = CSCS.GRGR_CK
AND UPPER(CSCS_DESC) LIKE 'CAL%'
AND GRGR.GRGR_Term_DT > SYSDATE
JOIN FC_CMC_SGSG_SUB_GROUP SGSG
ON SGSG.GRGR_CK       = GRGR.GRGR_CK
AND SGSG.SGSG_TERM_DT > SYSDATE
AND UPPER(SGSG.SGSG_NAME) LIKE '%CAL C%'
WHERE GRGR.GRGR_ID IN
  (SELECT DISTINCT GRGR.GRGR_ID GRID
  FROM fc_cmc_mctr_cd_trans mctr
  JOIN fc_cmc_grgc_group_count grgc
  ON grgc.grgc_mctr_ctyp   = mctr.mctr_value
  AND grgc.grgc_eff_dt    <= systimestamp
  AND grgc.grgc_term_dt   >= systimestamp
  AND grgc.grgc_mctr_ctyp >= '1000'
  AND grgc.grgc_mctr_ctyp <= '1999'
  JOIN fc_cmc_grgr_group grgr
  ON grgr.grgr_ck = grgc.grgr_ck
  JOIN FC_CMC_SGSG_SUB_GROUP SGSG
  ON SGSG.GRGR_CK        = GRGR.GRGR_CK
  WHERE mctr.mctr_entity = 'GRSG'
  AND mctr.mctr_type     = 'CTYP'
  AND mctr.mctr_desc    IN ('Large')
  )
AND SGSG.SGSG_CK NOT IN
  (SELECT EXPM_DATA
  FROM facets.ER_TB_SYST_EXPM_XPERMISSIONS
  WHERE EXPM_DATA_ID = 'SGSG_CK'
  )
AND grgr.grgr_id LIKE 'W%'
AND rownum < '2'",,,,,,secured/api/bsc/gateway/employers/groups/registration/v1,EMPLOYER,EMPLOYER,CHANNELS,INTERNAL,V1,2017-11-08 13:12:41:802,LOCALHOST,AUTHENTICATION,EGR_041,04bf0c68-f4a6-4b63-9d38-b7dab4a7df2e,lL4hG7wU1iQ5kI6eN7eV8sQ6gW8mG6xH6sB1pV6oN7kW6hS0pV
