TC,GROUP_SUBGROUP_ID,VERIFY_GROUP_SUBGROUP_IS_LISTED,NOTES
TC_02_IAmThePrimaryContact_group_length,W0028299,W00282991000,IFP Offexchange
TC_03_IAmThePrimaryContact_null_group,,,
TC_04_IAmThePrimaryContact_registered_group_8characters,W0003801,,8 character group id
TC_05x_IAmThePrimaryContact_registered_group,W0003801,,Registered group or subgroup
TC_06x_IAmThePrimaryContact_terminated,W0003803,,Group has terminated subgroups for > 90 days
TC_09_IAmThePrimaryContact_valid_registered_group,W0001101,,Registered 
TC_10_IAmThePrimaryContact_unregistered group with calcobra subgroup,W0028299,W00282991000,
TC_11_RegistrationConfirmationOnValidBillingDetails,,,
TC_12_UserIsAbleToNavigateToRegistrationStepTwo,,,
TC_13_eEnrollGroupUserIsAbleToCompleteRegistration,,,
TC_14_SelfRegistrationSucceeds,,,
TC_15_LockedUserGroup,,,
