﻿Test Case Name,UserID,UserPassword,User Description,Notes
TC_01_Billing acc,Nicole02,pAM4QiK/+CXqDl74Y1RQxQ==,Active registered employer user with active group assigned and billing data available,
TC_02_Billing tabs Employer,purple05,pAM4QiK/+CXqDl74Y1RQxQ==,Active registered employer user with active group assigned and billing data available,
TC_03_Billing center display employer,purple05,pAM4QiK/+CXqDl74Y1RQxQ==,Active registered employer user with active group assigned and billing data available,
TC_03_Billing tabs Broker,jordanzen,pAM4QiK/+CXDgKXEqcqxcg==,Active registered broker user with multiple active groups assigned and billing data available,
TC_03_Submit Onetime Payment,purple05,pAM4QiK/+CXqDl74Y1RQxQ==,Active registered employer user with active group assigned and unpaid bill(s),
TC_04_Acc Billing Reciepts,purple05,pAM4QiK/+CXqDl74Y1RQxQ==,Active registered employer user with active group assigned and billing receipts available,
TC_04_Billing center display Broker,jordanzen,pAM4QiK/+CXDgKXEqcqxcg==,Active registered broker user with multiple active groups assigned and billing data available,
TC_05_Auto-payment setup with new account,purple05,pAM4QiK/+CXqDl74Y1RQxQ==,Active registered employer user with active group assigned and billing data and no auto payments set,
TC_06_Acc billing invoice summary page,purple05,pAM4QiK/+CXqDl74Y1RQxQ==,Active registered employer user with active group assigned and billing receipts available,
TC_07_Invoice search page content,purple05,pAM4QiK/+CXqDl74Y1RQxQ==,Active registered employer user with active group assigned and billing receipts available,
TC_08_Billing report creation,purple05,pAM4QiK/+CXqDl74Y1RQxQ==,Active registered employer user with active group bank account and pending payment.,
TC_09_Delete bank account with pending payment,purple05,pAM4QiK/+CXqDl74Y1RQxQ==,Active registered employer user with active group bank account,
TC_10_Add bank account,autouser01,pAM4QiK/+CXqDl74Y1RQxQ==,Active registered employer user with active group assigned and billing data and no auto payments set,
TC_11_Payment History Pagination,Nicole02,pAM4QiK/+CXqDl74Y1RQxQ==,Active registered employer user with active group assigned and at lest 35 paid bills in history,
TC_01_VerifyTheCWSUserCanGenerateAndDownloadCensusReport,purple05,pAM4QiK/+CXqDl74Y1RQxQ==,Active registered e-Enroll user with active group assigned and at lest 35 paid bills in history,
TC_02_WhenE-enrollUserClicksOnCensusPageRedirectionToBenefitFocus,HaackInternational,pAM4QiK/+CXqDl74Y1RQxQ==,Active registered e-Enroll user with active group assigned and at lest ,
TC_01_Add_Delegation_viewing manage user page,hartman991,pAM4QiK/+CXqDl74Y1RQxQ==,Active registered employer user with active group bank account,
TC_05_Add_delegation_User Able to Cancel Changes,hartman991,pAM4QiK/+CXqDl74Y1RQxQ==,Active registered employer user with active group bank account,
TC_06_Add_delegation_Delegation History section of the Manage user page,hartman991,pAM4QiK/+CXqDl74Y1RQxQ==,Active registered employer user with active group bank account,
TC_07_Add_delegation_Locked Group,hartman991,pAM4QiK/+CXqDl74Y1RQxQ==,Active registered employer user with locked group ,
TC_01_EmployerUserCanAccessFADWithSSO,hartman991,pAM4QiK/+CXqDl74Y1RQxQ==,SSO user employer belonging to large group,
TC01_Employer Login_LobTypes_Large group_Allowed_Valid Username_Valid Password,Nicole02,pAM4QiK/+CXqDl74Y1RQxQ==,Active registered employer user with larrge group ,
TC02_Employer Login_LobTypes_Large group_Blocked_valid Username_Invalid Password,purple05,pAM4QiK/+CXqDl74Y1RQxQ==,Active registered employer user with large  bad password ,
TC03_Employer Login_LobTypes_Small group_Allowed_Valid Username_Valid Password,Nicole02,pAM4QiK/+CXqDl74Y1RQxQ==,Active registered employer user with small group ,
TC04_Employer Login_newly registered user_logged in,hartman991,pAM4QiK/+CXqDl74Y1RQxQ==,Newly registered employer user,
TC05_Employer_Login_Regression_LobTypes_EC_Allowed_Valid Username_Valid Password,HaackInternational,pAM4QiK/+CXqDl74Y1RQxQ==,Active registered e-Enroll user with active group assigned and at lest ,
TC06_Employer_Login_Regression_LobTypes_Eenrolluser_Allowed_Valid Username_Valid Password,HaackInternational,pAM4QiK/+CXqDl74Y1RQxQ==,Active registered e-Enroll,
TC01_VerifyTheStaticTextOnTheOpenEnrollmentWelcomePageForaSmallGroup,hartman991,pAM4QiK/+CXqDl74Y1RQxQ==,Active registered employer belonging to small group,
TC02_VerifyTheUIOnTheOpenEnrollmentWelcomePageForLargeGroup,hartman991,pAM4QiK/+CXqDl74Y1RQxQ==,Active registered employer belonging to large group,
TC03_Verify the UI on the Open Enrollment Welcome Page for a Small Group,hartman991,pAM4QiK/+CXqDl74Y1RQxQ==,Active registered employer belonging to large group during open enrollment period,
TC_12_Billing tabs Helpful links,hartman991,pAM4QiK/+CXqDl74Y1RQxQ==,Active registered employer belonging to large group during open enrollment period,
TC_13_E-Enroll Users Acc to Billing,HaackInternational,pAM4QiK/+CXqDl74Y1RQxQ==,Active registered e-Enroll user with billing details,
TC_08_Add_delegation_Primary contacts can delegate access only to HR Admins not other Primary contacts,hartman991,pAM4QiK/+CXqDl74Y1RQxQ==,Active registered e-Enroll user with billing details,
TC_09_Add_delegation_multiple groups-Sub groups displayed then Pagination happens,purple05,pAM4QiK/+CXqDl74Y1RQxQ==,Primary contact user is associated to multiple subgroups,
TC_10_Add_delegation_HR Admins can delegate to other HR Admins,jordanzen,pAM4QiK/+CXDgKXEqcqxcg==,HR Admin user with grops assigned ,
TC_11_Add_delegation_ Billing permissions are only applicable for Facets groups with no Self accounting,hartman991,pAM4QiK/+CXqDl74Y1RQxQ==,Facets groups with no Self accounting,
TC_12_Add_delegation_Verify for Add User page the default Role is Employer,hartman991,pAM4QiK/+CXqDl74Y1RQxQ==,Active registered e-Enroll user with billing details,
TC_13_Add_delegation_Verify error messages are displayed when the fields are validated,purple05,pAM4QiK/+CXqDl74Y1RQxQ==,Active registered e-Enroll user with billing details,
TC_14_DELEGATION-DELETE_placeholder,,,,
TC_15_DELEGATION-DELETE_placeholder,,,,
TC_16_DELEGATION-DELETE_placeholder,,,,
TC_17_DELEGATION-DELETE_placeholder,,,,
TC_18_DELEGATION-DELETE_placeholder,,,,
TC_19_DELEGATION-DELETE_placeholder,,,,
TC_14_E-Enroll Users access  to Billing- Helpful links,HaackInternational,pAM4QiK/+CXqDl74Y1RQxQ==,Active registered e-Enroll user with billing details,
TC_11_Billing report creation- broker,jordanzen,pAM4QiK/+CXDgKXEqcqxcg==,Active registered broker user with multiple active groups assigned and billing data available,
TC_16_Billing is supressed if Group has CalCobra and Selfaccounting,Gazillion16,pAM4QiK/+CXDgKXEqcqxcg==,Active registered employer with  Group that has CalCobra and Selfaccounting,
TC_17_Billing is supressed if one of the Group has Selfaccounting,Testbilingtab1,pAM4QiK/+CXqDl74Y1RQxQ==,Active registered employer with  Group that has Selfaccounting NON COBRA,
TC_18-Billing is displayed if Group has CalCobra and no self accounting,ddolan,pAM4QiK/+CXqDl74Y1RQxQ==,Active registered employer with  Group that has CalCobra NON Selfaccounting,
TC_03_Verify contents create census report- Broker login,jordanzen,pAM4QiK/+CXDgKXEqcqxcg==,Active registered broker user with multiple active groups assigned and billing data available,
TC_04_Verify contents create census report- Employer login,purple05,pAM4QiK/+CXqDl74Y1RQxQ==,Primary contact user is associated to multiple subgroups,
TC_05_Verify Download from Roster page link- Broker,jordanzen,pAM4QiK/+CXDgKXEqcqxcg==,Active registered broker user with multiple active groups assigned and billing data available,
TC_06_Verify Download from Roster page link- employer,purple05,pAM4QiK/+CXqDl74Y1RQxQ==,Primary contact user is associated to multiple subgroups,
TC_07_Verify the Census Report page is displayed- Broker login,purple05,pAM4QiK/+CXqDl74Y1RQxQ==,Primary contact user is associated to multiple subgroups,
TC_08_Verify the Census Report page is displayed- Employer login,purple05,pAM4QiK/+CXqDl74Y1RQxQ==,Primary contact user is associated to multiple subgroups,
TC_09_Verify the CWS user can generate and download a census report,purple05,pAM4QiK/+CXqDl74Y1RQxQ==,Primary contact user is associated to multiple subgroups,
TC_10_Verify the EDI user can generate and download a census report- Broker,jordanzen,pAM4QiK/+CXDgKXEqcqxcg==,Active registered broker user with multiple active groups assigned and billing data available,
TC_11_Verify the EDI user can generate and download a census report- employer,purple05,pAM4QiK/+CXqDl74Y1RQxQ==,Primary contact user is associated to multiple subgroups,
TC_12_Verify when e-enroll user clicks on Census Report it directs them to benefit focus page- broker,jordanzen,pAM4QiK/+CXDgKXEqcqxcg==,Active registered broker user with multiple active groups assigned and billing data available,
