﻿Test Case Name,UserID,UserPassword,User Description,Notes
TC_01_Billing acc,purple05,pAM4QiK/+CXqDl74Y1RQxQ==,Active registered employer user with active group assigned and billing data available,
TC_02_Billing tabs Employer,purple05,pAM4QiK/+CXqDl74Y1RQxQ==,Active registered employer user with active group assigned and billing data available,
TC_03_Billing center display employer,purple05,pAM4QiK/+CXqDl74Y1RQxQ==,Active registered employer user with active group assigned and billing data available,
TC_03_Billing tabs Broker,pedrosos20463,pAM4QiK/+CXqDl74Y1RQxQ==,Active registered broker user with multiple active groups assigned and billing data available,
TC_03_Submit Onetime Payment,Bunny01,pAM4QiK/+CXqDl74Y1RQxQ==,Active registered employer user with active group assigned and unpaid bill(s),
TC_04_Acc Billing Reciepts,Bunny01,pAM4QiK/+CXqDl74Y1RQxQ==,Active registered employer user with active group assigned and billing receipts available,
TC_04_Billing center display Broker,pedrosos20463,pAM4QiK/+CXqDl74Y1RQxQ==,Active registered broker user with multiple active groups assigned and billing data available,
TC_05_Auto-payment setup with new account,Meibaline,pAM4QiK/+CXqDl74Y1RQxQ==,Active registered employer user with active group assigned and billing data and no auto payments set,
TC_06_Acc billing invoice summary page,Meibaline,pAM4QiK/+CXqDl74Y1RQxQ==,Active registered employer user with active group assigned and billing receipts available,
TC_07_Invoice search page content,Meibaline,pAM4QiK/+CXqDl74Y1RQxQ==,Active registered employer user with active group assigned and billing receipts available,
TC_08_Billing report creation,Meibaline,pAM4QiK/+CXqDl74Y1RQxQ==,Active registered employer user with active group bank account and pending payment.,
TC_09_Delete bank account with pending payment,Meibaline,pAM4QiK/+CXqDl74Y1RQxQ==,Active registered employer user with active group bank account,
TC_10_Add bank account,autouser01,pAM4QiK/+CXqDl74Y1RQxQ==,Active registered employer user with active group assigned and billing data and no auto payments set,
TC_11_Payment History Pagination,Pblomdahl,pAM4QiK/+CXqDl74Y1RQxQ==,Active registered employer user with active group assigned and at lest 35 paid bills in history,
TC_01_VerifyTheCWSUserCanGenerateAndDownloadCensusReport,pyupiter,pAM4QiK/+CXqDl74Y1RQxQ==,Active registered e-Enroll user with active group assigned and at lest 35 paid bills in history,
TC_02_WhenE-enrollUserClicksOnCensusPageRedirectionToBenefitFocus,ECHAN2,pAM4QiK/+CXqDl74Y1RQxQ==,Active registered e-Enroll user with active group assigned and at lest ,
TC_01_Add_Delegation_viewing manage user page,Meibaline,pAM4QiK/+CXqDl74Y1RQxQ==,Active registered Delegator user,
TC_05_Add_delegation_User Able to Cancel Changes,Meibaline,pAM4QiK/+CXqDl74Y1RQxQ==,Active registered Delegator user,
TC_06_Add_delegation_Delegation History section of the Manage user page,Meibaline,pAM4QiK/+CXqDl74Y1RQxQ==,Active registered Delegator user,
TC_07_Add_delegation_Locked Group,,pAM4QiK/+CXqDl74Y1RQxQ==,Active registered Delegator for a locked group,
TC_01_EmployerUserCanAccessFADWithSSO,awadington,pAM4QiK/+CXqDl74Y1RQxQ==,SSO user employer belonging to large group,
TC01_Employer Login_LobTypes_Large group_Allowed_Valid Username_Valid Password,jlewiscfo,pAM4QiK/+CXqDl74Y1RQxQ==,Active registered employer user with larrge group ,
TC02_Employer Login_LobTypes_Large group_Blocked_valid Username_Invalid Password,awadington,pAM4QiK/+CXqDl74Y1RQxQ==,Active registered employer user with large  bad password ,
TC03_Employer Login_LobTypes_Small group_Allowed_Valid Username_Valid Password,os sdahsd,pAM4QiK/+CXqDl74Y1RQxQ==,Active registered employer user with small group ,
TC04_Employer Login_newly registered user_logged in,hartman991,pAM4QiK/+CXqDl74Y1RQxQ==,Newly registered employer user,
TC05_Employer_Login_Regression_LobTypes_EC_Allowed_Valid Username_Valid Password,ECHAN2,pAM4QiK/+CXqDl74Y1RQxQ==,Active registered e-Enroll user with active group assigned and at lest ,
TC06_Employer_Login_Regression_LobTypes_Eenrolluser_Allowed_Valid Username_Valid Password,ECHAN2,pAM4QiK/+CXqDl74Y1RQxQ==,Active registered e-Enroll,
TC01_VerifyTheStaticTextOnTheOpenEnrollmentWelcomePageForaSmallGroup,jlmanley78,pAM4QiK/+CXqDl74Y1RQxQ==,Active registered employer belonging to small group,
TC02_VerifyTheUIOnTheOpenEnrollmentWelcomePageForLargeGroup,jlmanley78,pAM4QiK/+CXqDl74Y1RQxQ==,Active registered employer belonging to large group,
TC03_Verify the UI on the Open Enrollment Welcome Page for a Small Group,jlmanley78,pAM4QiK/+CXqDl74Y1RQxQ==,Active registered employer belonging to large group during open enrollment period,
TC_12_Billing tabs Helpful links,hartman991,pAM4QiK/+CXqDl74Y1RQxQ==,Active registered employer belonging to large group during open enrollment period,
TC_13_E-Enroll Users Acc to Billing,ECHAN2,pAM4QiK/+CXqDl74Y1RQxQ==,Active registered e-Enroll user with billing details,
TC_08_Add_delegation_Primary contacts can delegate access only to HR Admins not other Primary contacts,,pAM4QiK/+CXqDl74Y1RQxQ==,Active registered Primary Contact Delegator,
TC_09_Add_delegation_multiple groups-Sub groups displayed then Pagination happens,purple05,pAM4QiK/+CXqDl74Y1RQxQ==,Active registered Primary Contact Delegator that is associated to multiple subgroups,
TC_10_Add_delegation_HR Admins can delegate to other HR Admins,BAMLuxuryLLC,pAM4QiK/+CXqDl74Y1RQxQ==,HR Admin user with grops assigned ,
TC_11_Add_delegation_ Billing permissions are only applicable for Facets groups with no Self accounting,hartman991,pAM4QiK/+CXqDl74Y1RQxQ==,Delegator user with association to Self accounting sub group in Facets,
TC_12_Add_delegation_Verify for Add User page the default Role is Employer,purple05,pAM4QiK/+CXqDl74Y1RQxQ==,Active registered Delegator user,
TC_13_Add_delegation_Verify error messages are displayed when the fields are validated,purple05,pAM4QiK/+CXqDl74Y1RQxQ==,Active registered Delegator user,
TC_14_DELEGATION-DELETE USER_FUNC_NAVIGATION_MANAGE USERS_Verify the Delete user link,Jolanta,pAM4QiK/+CXqDl74Y1RQxQ==,Active registered Delegator user,
TC_15_DELEGATION-DELETE USER_FUNC_DELEGATE,mgerges,pAM4QiK/+CXqDl74Y1RQxQ==,Active registered Delegator user,
TC_16_DELEGATION-RENEW ACCESS_FUNC_NAVIGATION_User able to renew existing delegate access permission,,pAM4QiK/+CXqDl74Y1RQxQ==,Active registered Delegator user,
TC_17_DELEGATION-RENEW ACCESS_FUNC_NOTIFICATION_Delegate user logs in after the users access is renewed by Delegator,,pAM4QiK/+CXqDl74Y1RQxQ==,Active registered Delegator user,
TC_18_DELEGATION-RESEND ACTIVATION_FUNC_NAVIGATION_User able to renew existing delegate access_group to expire,,pAM4QiK/+CXqDl74Y1RQxQ==,Active registered Delegator user,
TC_19_DELEGATION-RESEND ACTIVATION_FUNC_NOTIFICATION_Delegate user logs in after the users access is renewed,,pAM4QiK/+CXqDl74Y1RQxQ==,Active registered Delegator user,
TC_14_E-Enroll Users access  to Billing- Helpful links,ECHAN2,pAM4QiK/+CXqDl74Y1RQxQ==,Active registered e-Enroll user with billing details,
TC_11_Billing report creation- broker,brettdavison10422,pAM4QiK/+CXqDl74Y1RQxQ==,Active registered broker user with multiple active groups assigned and billing data available,
TC_16_Billing is supressed if Group has CalCobra and Selfaccounting,purple05,pAM4QiK/+CXqDl74Y1RQxQ==,Active registered employer with  Group that has CalCobra and Selfaccounting,
TC_17_Billing is supressed if one of the Group has Selfaccounting,purple05,pAM4QiK/+CXqDl74Y1RQxQ==,Active registered employer with  Group that has Selfaccounting NON COBRA,
TC_18-Billing is displayed if Group has CalCobra and no self accounting,hartman991,pAM4QiK/+CXqDl74Y1RQxQ==,Active registered employer with  Group that has CalCobra NON Selfaccounting,
TC_03_Verify contents create census report- Broker login,brettdavison10422,pAM4QiK/+CXqDl74Y1RQxQ==,Active registered broker user with multiple active groups assigned and billing data available,
TC_04_Verify contents create census report- Employer login,pyupiter,pAM4QiK/+CXqDl74Y1RQxQ==,Primary contact user is associated to multiple subgroups,
TC_05_Verify Download from Roster page link- Broker,brettdavison10422,pAM4QiK/+CXqDl74Y1RQxQ==,Active registered broker user with multiple active groups assigned and billing data available,
TC_06_Verify Download from Roster page link- employer,pyupiter,pAM4QiK/+CXqDl74Y1RQxQ==,Primary contact user is associated to multiple subgroups,
TC_07_Verify the Census Report page is displayed- Broker login,brettdavison10422,pAM4QiK/+CXqDl74Y1RQxQ==,Active registered broker user with multiple active groups assigned and billing data available,
TC_08_Verify the Census Report page is displayed- Employer login,purple05,pAM4QiK/+CXqDl74Y1RQxQ==,Primary contact user is associated to multiple subgroups,
TC_09_Verify the CWS user can generate and download a census report,pyupiter,pAM4QiK/+CXqDl74Y1RQxQ==,Primary contact CWS user is associated to multiple subgroups,
TC_10_Verify the EDI user can generate and download a census report- Broker,brettdavison10422,pAM4QiK/+CXqDl74Y1RQxQ==,Active registered broker user with multiple active groups assigned and billing data available,
TC_11_Verify the EDI user can generate and download a census report- employer,pyupiter,pAM4QiK/+CXqDl74Y1RQxQ==,Primary contact user is associated to multiple subgroups,
TC_12_Verify when e-enroll user clicks on Census Report it directs them to benefit focus page- broker,HaackInternational,pAM4QiK/+CXqDl74Y1RQxQ==,Active registered E-enroll user with multiple active groups assigned and billing data available,
TC08_Employer_Login_Regression_GroupSubgroupCount_Blocked_No ,pjnickolas,pAM4QiK/+CXqDl74Y1RQxQ==,Employer wit NO Groups assosiated,
TC09_Employer_Login_Regression_isTemporaryPasswordExpired_true,buchibbs,pAM4QiK/+CXqDl74Y1RQxQ==,Employer wit expired temp password,
TC10_Employer_Login_Regression_LobTypes_Eenrolluser_Allowed_Valid Username_Valid Password,HaackInternational,pAM4QiK/+CXqDl74Y1RQxQ==,Active registered e-Enroll user with valid credentials,
TC_001_TC-01 Verify when CWS group which has more than 100 sub the message is not displayed when creating Census Report,pyupiter,pAM4QiK/+CXqDl74Y1RQxQ==,Primary contact CWS user will more then 100 subscribers in the group,
TC11_Employer_Login_Regression_userRoleTypes_Blocked_User Status is Inactive,john@gla-ag.com,pAM4QiK/+CXqDl74Y1RQxQ==,,
TC12_Employer_Login_Regression_UserRoleTypes_BRKR_groupSubgroupCount_oneGroup_Allowed_Valid Username_Valid Password,Rickyhawton,pAM4QiK/+CXqDl74Y1RQxQ==,,
TC13_Employer_Login_Regression_UserRoleTypes_HR_groupSubgroupCount_oneGroup_Allowed_Valid Username_Valid Password,Rickyhawton,pAM4QiK/+CXqDl74Y1RQxQ==,,
TC14_Employer_Login_Regression_UserRoleTypes_HRPC_groupSubgroupCount_oneGroup_Allowed_Valid Username_Valid Password,Rickyhawton,pAM4QiK/+CXqDl74Y1RQxQ==,,
TC_01_Auth page -Eenroll left Rail Menu,ECHAN2,pAM4QiK/+CXqDl74Y1RQxQ==,Active registered e-Enroll user with valid credentials,
TC_02_Auth page -Eenroll Top Rail Menu,ECHAN2,pAM4QiK/+CXqDl74Y1RQxQ==,Active registered e-Enroll user with valid credentials,
TC_03_Auth page -Eenroll Right Rail Menu,ECHAN2,pAM4QiK/+CXqDl74Y1RQxQ==,Active registered e-Enroll user with valid credentials,
TC_04_Auth page -Eenroll Middle Rail Menu,ECHAN2,pAM4QiK/+CXqDl74Y1RQxQ==,Active registered e-Enroll user with valid credentials,
TC_05_Auth page -Eenroll right bottom Rail Menu,ECHAN2,pAM4QiK/+CXqDl74Y1RQxQ==,Active registered e-Enroll user with valid credentials,
TC_06_Auth page -Eenroll Bottom_Middle Rail Menu,ECHAN2,pAM4QiK/+CXqDl74Y1RQxQ==,Active registered e-Enroll user with valid credentials,
TC_07_Auth page -Eenroll Right Top Rail Menu,ECHAN2,pAM4QiK/+CXqDl74Y1RQxQ==,Active registered e-Enroll user with valid credentials,
TC_08_Auth page -Eenroll Middle Rail Menu,ECHAN2,pAM4QiK/+CXqDl74Y1RQxQ==,Active registered e-Enroll user with valid credentials,
TC_09_Auth page -NON E-enroll (EDI) Top Rail Menu,purple05,pAM4QiK/+CXqDl74Y1RQxQ==,Active registered NON-e-Enroll user with valid credentials,
TC_10_Auth page -NON Eenroll Right Rail Menu,purple05,pAM4QiK/+CXqDl74Y1RQxQ==,Active registered NON-e-Enroll user with valid credentials,
TC_11_Auth page -NON Eenroll left Rail Menu,purple05,pAM4QiK/+CXqDl74Y1RQxQ==,Active registered NON-e-Enroll user with valid credentials,
TC_12_Auth page -NON Eenroll Middle Rail Menu,purple05,pAM4QiK/+CXqDl74Y1RQxQ==,Active registered NON-e-Enroll user with valid credentials,
TC_02_Add_Delegation_Activation email sent,cgardner16,pAM4QiK/+CXqDl74Y1RQxQ==,Active registered Delegator,
TC_03_Add_Delegation_Activation URL navigates user to the registration page,cgardner16,pAM4QiK/+CXqDl74Y1RQxQ==,Active registered Delegator,
TC_04_Add_delegation_New Delegate-HR Admin user is able to log on to employer portal,cgardner16,pAM4QiK/+CXqDl74Y1RQxQ==,Active registered Delegator,
TC_20_Merge_Delegation_with PC,cgardner16,pAM4QiK/+CXqDl74Y1RQxQ==,Active registered HR Admin Delegator,
