{
    "requestHeader": {
        "consumer": {
            "name": "IVR",
            "id": "Test",
            "businessUnit": "Test",
            "type": "Test",
            "clientVersion": "",
            "requestDateTime": "",
            "hostName": "Test",
            "businessTransactionType": "",
            "contextId": "",
            "secondContextId": "",
            "thirdContextId": "W0029192"
        },
        "credentials": {
            "userName": "",
            "password": "W0009999-eEnroll and W0051583-EC++",
            "token": "{{idtkn}}",
            "type": "id_token"
        },
        "transactionId": "123"
    },
    "requestBody": {
        "userIdentifier": "E23646",
        "csAdminUserIdentifier": "",
        "groupProfileInfo": {
            "groupNumber": "GRP_ID",
            "activationMethod": "AUTOMATIC",
            "lockStatus": "LCK_STS",
            "preEnrollmentTransaction": "N",
            "openEnrollmentTransaction": "Y",
            "ePayment": "Y",
            "censusReport": "Y",
            "esoeDashboard": "N",
            "eEnroll": "N"
        },
        "notes": "Unlock Group to enable registration"
    }
}