{
	"requestHeader": {
		"consumer": {
			"name": "EmployersManageProfilesAndPreferencesService",
			"id": "aip",
			"businessUnit": "services",
			"type": "internal",
			"clientVersion": "v1",
			"requestDateTime": "2017-11-08 13:12:41:802",
			"hostName": "BSCWL403448",
			"businessTransactionType": "Employer",
			"contextId": "",
			"secondContextId": "",
			"thirdContextId": ""
		},
		"credentials": {
			"userName": "",
			"password": "",
			"token": "ais_ldap_api_npe",
			"type": "JWT"
		},
		"transactionId": "12345678"
	},
	"requestBody": {
		"title": "M",
		"department": "E",
		"employeeNumber": null,
		"employeeId": null,
		"givenName": "testauto",
		"sn": "Kumar",
		"initials": "",
		"userPrincipalName": "USR_NM",
		"unicodePwd": "Blue$hield1",
		"mail": "test@test.com",
		"mobile": null,
		"userAccountControl": null,
		"group": "LDAP_IND"
	}
}