{
    "requestHeader": {
        "consumer": {
            "name": "string",
            "id": "string",
            "businessUnit": "string",
            "type": "string",
            "clientVersion": "string",
            "requestDateTime": "string",
            "hostName": "string",
            "businessTransactionType": "string",
            "contextId": "string",
            "secondContextId": "string",
            "thirdContextId": "string"
        },
        "credentials": {
            "userName": "string",
            "password": "string",
            "token": "ais_ldap_api_npe",
            "type": "jwt"
        },
        "transactionId": "string"
    },
    "requestBody": {
        "userId": "USR_NM",
        "oldPassword": "",
        "newPassword": "Blue$hield1",
        "group": "LDAP_IND"
    }
}