TC,GROUP,GROUP_SUBGROUP_ID,BILL_DATE,BILL_AMNT,F_NAME,L_NAME,E_MAIL,USER_ID,USER_PASSWORD,Comments
TC_12_UserIsAbleToNavigateToRegistrationStepTwo,W9193076,W91930761000,2/15/2019,1329.54,BADF,BADLNAME,no_one@email.com,,,
TC_11_RegistrationConfirmationOnValidBillingDetails,W0082968,W00829681000,1/14/2019,4057,JAMES,ARCHER,no_one@email.com,,,
TC_14_SelfRegistrationSucceeds ,W0082968,W00829681000,1/14/2019,4057,JAMES,ARCHER,no_one@email.com,,,
TC_16_EmployerRegistrationStep3_Contacts_DataDrivenParams_Null_Email_Id,W9193076,W91930761000,2/15/2019,1329.54,JAMES,ARCHER,no_one@email.com,,,
TC_17_EmployerRegistrationStep3_Contacts_DataDrivenParams_Null First Name,W9193076,W91930761000,2/15/2019,1329.54,JAMES,ARCHER,no_one@email.com,,,
TC_18_EmployerRegistrationStep3_Contacts_DataDrivenParams_Null Last Name,W9193076,W91930761000,2/15/2019,1329.54,JAMES,ARCHER,no_one@email.com,,,
TC_19_EmployerRegistrationStep3_DataDrivenParams_LastBillAmount_Null,W9193076,W91930761000,2/15/2019,1329.54,JAMES,ARCHER,no_one@email.com,,,
TC_20_EmployerRegistrationStep3_DataDrivenParams_LastBillDate_Null,W9193076,W91930761000,2/15/2019,1329.54,JAMES,ARCHER,no_one@email.com,,,
TC_21_EmployerRegistrationStep3_DataDrivenParams_LastBillDate_Special ,W9193076,W91930761000,2/15/2019,1329.54,JAMES,ARCHER,no_one@email.com,,,
TC_15_EmployerRegistration_LockedUserGroup,W0037177,,,,,,,,,locked user group
TC_22_Complete registration with existing logins,W9167687,W91911821000,3/22/2019,1624.84,SIMSON,SARAH,no_one@email.com,hartman991,Blue$hield1,
TC_23_Complete registration with 2 sub groups,W9191837,W91918371000,3/22/2019,1159.68,WONG,JULIE,no_one@email.com,auto_user002,Blue$hield1,
