TC,GROUP,GROUP_SUBGROUP_ID,BILL_DATE,BILL_AMNT,F_NAME,L_NAME,E_MAIL
TC_12_UserIsAbleToNavigateToRegistrationStepTwo,W0002923,W00029231003,2/1/2019,75536,dadha,hajdhah,adajl@afda.com
TC_11_RegistrationConfirmationOnValidBillingDetails,W0002923,W00029231003,2/1/2019,75536,EVEY ,RAYGOZA,No_one@email.com
TC_14_SelfRegistrationSucceeds ,W0002923,W00029231003,2/1/2019,75536,EVEY ,RAYGOZA,No_one@email.com
TC_16_EmployerRegistrationStep3_Contacts_DataDrivenParams_Null_Email_Id,W0002923,W00029231002,2/1/2019,75536,EVEY ,RAYGOZA,No_one@email.com
TC_17_EmployerRegistrationStep3_Contacts_DataDrivenParams_Null First Name,W0002923,W00029231002,2/1/2019,75536,EVEY ,RAYGOZA,No_one@email.com
TC_18_EmployerRegistrationStep3_Contacts_DataDrivenParams_Null Last Name,W0002923,W00029231002,2/1/2019,75536,EVEY ,RAYGOZA,No_one@email.com
TC_19_EmployerRegistrationStep3_DataDrivenParams_LastBillAmount_Null,W0002923,W00029231002,2/1/2019,75536,EVEY ,RAYGOZA,No_one@email.com
TC_20_EmployerRegistrationStep3_DataDrivenParams_LastBillDate_Null,W0002923,W00029231002,2/1/2019,75536,EVEY ,RAYGOZA,No_one@email.com
TC_21_EmployerRegistrationStep3_DataDrivenParams_LastBillDate_Special ,W0002923,W00029231002,2/1/2019,75536,EVEY ,RAYGOZA,No_one@email.com
