﻿UserName,UserID,UserPassword,ENV
,purple05,pAM4QiK/+CXqDl74Y1RQxQ==,releasetest
LargeGroup,purple05,pAM4QiK/+CXqDl74Y1RQxQ==,releasetest
SmallGroup,purple05,pAM4QiK/+CXqDl74Y1RQxQ==,releasetest
NewlyRegisteredUser,purple05,pAM4QiK/+CXqDl74Y1RQxQ==,releasetest
RegressionLobEC+,purple05,pAM4QiK/+CXqDl74Y1RQxQ==,releasetest
RegressionEnrollUser,purple05,pAM4QiK/+CXqDl74Y1RQxQ==,releasetest
OpenEnrollementUser,Nicole02,pAM4QiK/+CXqDl74Y1RQxQ==,releasetest
SelfFundedGroup,Nicole02,pAM4QiK/+CXqDl74Y1RQxQ==,releasetest
eEnrollUser,hartman991,pAM4QiK/+CXqDl74Y1RQxQ==,releasetest
eEnrollUser,autouser01,pAM4QiK/+CXqDl74Y1RQxQ==,
