<?xml version="1.0" encoding="UTF-8"?>
<!DOCTYPE suite SYSTEM "http://testng.org/testng-1.0.dtd">
<suite name="Suite" preserve-order="true">
	<listeners>
	<listener class-name="com.bsc.qa.framework.utility.WebDriverListenerCustom"></listener>
	</listeners>
    <test name="ProviderPortalIntakeTest" preserve-order="true">
		<parameter name="Browser_" value="chrome"/>		
		<parameter name="Driver_" value="src\test\resources\selenium_standalone_binaries\windows\googlechrome\64bit\chromedriver.exe"/>
		<parameter name="ImplicitWait_" value="false"/>
		<parameter name="Env_" value="ProviderPortal"/> 
		<parameter name="InputDataSheetPath_" value="src/test/resources/ProviderPortalTest.xlsx"></parameter>
		<parameter name="Url_" value="https://uat.medhokbsca.com/ProviderPortal/resources/Site/page-login.html"/>
	   <parameter name="BrowserDimensions_" value = "1200,1000" />
		<parameter name="Headless_" value="true"/>
		<classes>
			<class name="com.bsc.qa.web.tests.ProviderPortalIntakeAuthTest"/> 
			
		</classes>
	</test>  
		
	 <test name="ProviderPortalNurseReview" preserve-order="true">
		<parameter name="Browser_" value="chrome"/>		
		<parameter name="Driver_" value="src\test\resources\selenium_standalone_binaries\windows\googlechrome\64bit\chromedriver.exe"/>
		<parameter name="Url_" value="https://uat.medhokbsca.com"/>
		<parameter name="ImplicitWait_" value="false"/>
		<parameter name="Env_" value="NurseReview"/>
		<parameter name="Datasheet_" value="src/test/resources/ProviderPortalTest.xlsx"/>
		<parameter name="BrowserDimensions_" value = "1200,1000" />
		<parameter name="Headless_" value="true"/>
		<classes>
			<class name="com.bsc.qa.web.tests.ProviderPortalNurseReview"/> 
		</classes>
	</test> 
 
 </suite>
